2005773539
2012434358
2012448519
2012496733
2012527966
2012547032
2012550042
2012555527
2012599223
2012649880
2012854635
2012996589
2013408962
2013519063
2013577621
2013652099
2013655611
2014061160
2014094819
2014169061
2014398045
2014735385
2014833758
2014999045
2015022476
2015022983
2015023703
2015028106
2015146857
2015304098
2015346888
2015493703
2015542642
2015842596
2015860632
2015864724
2015890652
2016056074
2016209473
2016270893
2016446707
2016456218
2016485496
2016928912
2016990560
2017105973
2017130571
2017495231
2017544331
2017628130
2017686509
2017719770
2017789132
2018171395
2018206511
2018313739
2018319859
2018511776
2018757717
2018856883
2018976133
2019480589
2019483632
2019710114
2019712252
2019718385
2019791392
2022009360
2022214958
2022358435
2022358498
2022358502
2022481310
2022600767
2022768195
2022770409
2022800900
2022996870
2023017348
2023041930
2023079100
2023177471
2023187067
2023219606
2023243000
2023258000
2023262222
2023271501
2023506947
2023509493
2023590618
2023617661
2023706381
2023706456
2023706494
2023810895
2023819599
2023860310
2023901650
2024003579
2024003581
2024032252
2024064062
2024106103
2024239982
2024288536
2024392139
2024399055
2024485195
2024487627
2024558888
2024582649
2024695578
2024700469
2024706972
2024706988
2024910180
2025058872
2025059645
2025075395
2025109624
2025172193
2025365088
2025586610
2025587222
2025992320
2025993920
2026019982
2026072879
2026076650
2026143081
2026143123
2026143252
2026146408
2026148451
2026148467
2026183853
2026309253
2026403561
2026432276
2026500443
2026525938
2026600498
2026600501
2026600563
2026600567
2026600578
2026600686
2026600692
2026601407
2026667066
2026667115
2026667574
2026707223
2026707946
2026812855
2026838183
2026847509
2026885167
2026957688
2026957699
2026957706
2027031206
2027302058
2027347360
2027347505
2027347538
2027347590
2027347668
2027347697
2027347759
2027347812
2027347922
2027347964
2027347974
2027353092
2027353196
2027353427
2027353563
2027501566
2027509843
2027512937
2027871959
2027927112
2027984623
2028076745
2028270660
2028300636
2028380917
2028380957
2028380961
2028380964
2028448415
2028537426
2028587776
2028602613
2028663367
2028691197
2028738996
2028754590
2028837975
2028862243
2028916291
2028916359
2028916590
2028916671
2028916728
2028921982
2028970900
2029142375
2029181915
2029195149
2029195228
2029195310
2029200704
2029264736
2029326723
2029327068
2029332121
2029332432
2029334334
2029351472
2029467705
2029493390
2029517935
2029528593
2029529257
2029632561
2029634050
2029641705
2029671076
2029671107
2029671717
2029671873
2029720072
2029729602
2029729630
2029750957
2029780869
2029789046
2029822552
2029824474
2029897017
2029923824
2029959418
2029981857
2032001550
2032007822
2032050735
2032073526
2032386600
2032589474
2032620079
2032631995
2032852860
2033091792
2033092548
2033397684
2033832964
2034051709
2034091209
2034241572
2034344541
2034568638
2034627037
2034662964
2035800596
2035964507
2035966069
2036040196
2036293114
2037125939
2037185930
2037607542
2037608318
2037608959
2037647948
2037803420
2038572401
2038893732
2038965228
2039025940
2039141221
2039200262
2043965473
2044215072
2044332521
2044556407
2045399272
2049106274
2049941111
2052012958
2052030059
2052039289
2052064443
2052365910
2052772647
2052789120
2052824230
2052829560
2052876262
2052955950
2053012046
2053012068
2053259886
2053341526
2053831546
2054078284
2054138425
2054138971
2054175709
2054312278
2054935122
2054937566
2055098592
2055174137
2055178100
2055205325
2055365357
2055374082
2055374746
2055397920
2055741801
2055864550
2056066634
2056195379
2056197346
2056224720
2056226019
2056517150
2056702598
2056978196
2056978206
2057066945
2057168142
2057172933
2057271976
2057280583
2057383298
2057387176
2057547774
2057548354
2057623510
2057626708
2057726086
2057727127
2057825188
2057974029
2057974360
2057978271
2057979982
2058270231
2058278322
2058373838
2058462266
2058574547
2058753698
2058901432
2059222876
2059466201
2059638834
2059739077
2059837874
2059844956
2059904943
2062023383
2062029381
2062084644
2062194240
2062477287
2062992436
2063024529
2063402585
2063569946
2064019503
2064019811
2064105807
2064130113
2064146532
2064521618
2064532329
2064600501
2064735226
2064832714
2064852676
2065080851
2065252046
2065297358
2065363695
2065382755
2065582267
2065651757
2065671794
2065784211
2065812653
2065943618
2066250487
2066329980
2067455159
2067745410
2067927113
2067969751
2068230832
2068281570
2068284268
2068289377
2068470886
2068752928
2068753627
2068755457
2068950645
2069008923
2069220880
2069257263
2069396112
2069813621
2072045129
2072089641
2072504846
2072643339
2072745659
2073049708
2073051588
2073318373
2073329944
2074124366
2074368346
2074630307
2074690023
2074690399
2074691711
2074691849
2074693598
2074694607
2074870134
2074870635
2074874870
2074877839
2074891196
2075015071
2075217815
2075308181
2075604138
2075935705
2076077965
2076141651
2076141827
2076344397
2076479536
2076924056
2077099343
2077099695
2077212967
2077258912
2077305576
2077525463
2078014841
2078044063
2078044156
2078045235
2078056752
2078087955
2078136573
2078867120
2079434128
2079526492
2079995574
2082080299
2082100335
2082102561
2082157437
2082260569
2082264474
2082506318
2082532074
2082589004
2082622016
2082693728
2082790820
2082792527
2082814756
2082913686
2082965848
2083140732
2083160642
2083167508
2083238708
2083327178
2083377342
2083401218
2083475716
2083529893
2083571045
2083612132
2083706077
2083706561
2083824876
2083954168
2084030275
2084136645
2084137005
2084137735
2084378350
2084442674
2084500585
2084650457
2084693261
2084798172
2085022458
2085024247
2085053083
2085126776
2085131721
2085479513
2085683063
2085686585
2085729654
2085912126
2085977984
2086018955
2086019690
2086156087
2086281539
2086432065
2086444876
2086507984
2086757154
2087179509
2087339128
2087345030
2087406570
2087470249
2087471329
2087471507
2087472402
2087472743
2087472904
2087472943
2087472972
2087473113
2087478048
2087509107
2087652007
2087846204
2087950884
2087987333
2088048258
2088222207
2088262856
2088433816
2088535683
2088560883
2088740025
2088774178
2089228022
2089242305
2089340883
2089438571
2089601132
2089606929
2089658915
2089681680
2089698164
2089698294
2089710145
2089733963
2089784349
2089886506
2089904023
2089904694
2092059792
2092175808
2092190338
2092312484
2092450474
2092484996
2092532074
2092621282
2092804576
2092901485
2092975852
2093040821
2093091127
2093232592
2093480482
2093705553
2093994959
2094310799
2094902873
2095518534
2095546835
2095668531
2096092920
2096272124
2096272958
2096449925
2096458335
2096554105
2097142555
2097194715
2097341956
2097594119
2098364846
2098864205
2098932576
2099162262
2099633400
2102002253
2102015446
2102015998
2102085076
2102256045
2102368623
2102440353
2102561215
2102810020
2102946157
2102949715
2102956960
2102987709
2103184547
2103342453
2103343766
2103405909
2103468112
2103703310
2104012752
2104032779
2104192437
2104230238
2104282396
2104312664
2104332803
2104463181
2104636815
2104891413
2104930514
2105038309
2105078008
2105097978
2105100224
2105122949
2105204448
2105247542
2105410028
2105493669
2105709786
2105852334
2105852687
2105852852
2105852996
2105853072
2105853260
2105927893
2106108831
2106219279
2106220553
2106340570
2106415538
2106463086
2106466841
2106532159
2106576512
2106616791
2106682346
2106706694
2106821086
2106845201
2106863551
2106891829
2107025158
2107144090
2107216201
2107250585
2107428172
2107565766
2107596165
2107615074
2107647655
2107679824
2107742623
2107807191
2107807195
2107818158
2107828596
2107946852
2107956393
2108096456
2108301625
2108304230
2108305059
2108397695
2108518602
2108519230
2108519937
2108672658
2108702750
2108717936
2108914269
2109004965
2109077685
2109230244
2109340155
2109392674
2109398509
2109410718
2109420371
2109444463
2109448156
2109529980
2109619231
2109635140
2109645573
2109646594
2109677082
2109679225
2109716137
2109722560
2109774074
2109855922
2109870528
2109873149
2109878606
2109919461
2122702479
2122714938
2122920048
2122928075
2123776626
2123841000
2124648638
2125525100
2125615117
2126010050
2126010410
2126781611
2126908811
2128472172
2128883078
2132052496
2132052596
2132053651
2132056132
2132056365
2132102381
2132129061
2132129465
2132212709
2132268559
2132320210
2132461467
2132463357
2132463439
2132593254
2132770949
2132939853
2132953417
2133137257
2133575038
2133740325
2134171337
2134200466
2134376902
2134376930
2134603501
2134603502
2135156242
2135156913
2135328098
2135545905
2135548436
2135583704
2135649180
2136034292
2136437808
2136470757
2136550979
2136960421
2136967398
2137235295
2137375146
2137527204
2137544339
2137590830
2137829247
2138142479
2138296359
2138496562
2138619431
2138660613
2138773162
2138865352
2139023869
2139462822
2139601737
2139648356
2139891200
2142008515
2142269138
2142269139
2142348503
2142505053
2142505435
2142576050
2142669139
2142724932
2142813448
2143155135
2143290188
2143561185
2143908560
2143918105
2144005168
2144075254
2144248999
2144294509
2144579922
2144592972
2144662280
2144728318
2144739289
2144770890
2144915323
2145137658
2145410040
2145845873
2145923480
2146060242
2146124191
2146137939
2146168889
2146180550
2146200060
2146284150
2146284154
2146285082
2146285413
2146342656
2146670210
2146672927
2146675083
2146873013
2146923161
2146924114
2146928033
2146928861
2147101596
2147236571
2147263597
2147571627
2147675193
2147743649
2147746860
2147784052
2147857918
2147954668
2148071701
2148100252
2148103605
2148105306
2148172242
2148425045
2148431620
2148510433
2148634652
2148728840
2148849136
2148882230
2148944397
2149103101
2149176382
2149453360
2149540017
2149718511
2149797900
2149845835
2152172427
2152176353
2152378386
2152588967
2152605313
2152673316
2152678912
2152746762
2153566416
2153712492
2153723615
2153846192
2153981445
2154020606
2154290183
2154304381
2154304414
2154305539
2154306504
2154307157
2154347983
2154352222
2155442441
2155452673
2155819380
2155844499
2156087530
2156217422
2156235518
2156611199
2156936844
2157201013
2157790588
2158575210
2158670494
2158908374
2159423950
2159489933
2159661609
2159963240
2162020521
2162066554
2162200278
2162201519
2162203573
2162316909
2162369260
2162438973
2162507573
2162591013
2162601460
2162643152
2162739137
2162828639
2162828648
2162828655
2162844732
2162847210
2162900729
2163045250
2163065292
2163205102
2163373987
2163413939
2163440308
2163586114
2163775845
2164123292
2164247858
2164279329
2164349191
2164603011
2164767530
2164806640
2164871856
2164906731
2164906947
2164974768
2164992184
2164993627
2165045884
2165088182
2165105945
2165108910
2165162036
2165276669
2165833807
2165838688
2166006056
2166091502
2166162354
2166288349
2166409438
2166664315
2166679749
2166776805
2167100448
2167105830
2167598134
2167707528
2167727376
2167774734
2167775783
2168008844
2168033701
2168035997
2168103515
2168103570
2168163387
2168208697
2168346122
2168600928
2168627666
2168982366
2169468260
2169863124
2169982354
2169982579
2169983779
2172062760
2172128403
2172207253
2172507608
2172754963
2172758099
2172816269
2172826778
2172827936
2172925743
2172938289
2172962793
2173023544
2173054116
2173369602
2173369675
2173426193
2173502896
2173540586
2173686978
2173874675
2173879365
2173930535
2173948853
2173948871
2173948886
2173948889
2173948899
2173948925
2173948934
2173948941
2173948975
2173948983
2174214569
2174272395
2174360596
2174507486
2175076966
2175154798
2175749009
2175749126
2175839919
2175844477
2175937079
2176180859
2176661935
2176774209
2176841048
2176841498
2176842250
2176842381
2176844604
2176844951
2176845091
2176845436
2176845647
2176847122
2176847621
2176847877
2176849590
2176849691
2176849951
2176849960
2176891248
2177237507
2177285161
2177450716
2177455119
2178268685
2178349346
2178349347
2178349414
2178349513
2178349517
2178349685
2178349964
2178349977
2178379105
2178498896
2178509949
2178637161
2178637210
2178667036
2178667424
2178667673
2178667684
2179010430
2179124803
2179241376
2179309891
2179472486
2179557649
2179867072
2179867082
2179867251
2179867256
2179867343
2179867372
2179867459
2179867474
2179867610
2179911072
2179919240
2179919266
2179919322
2179919617
2182202044
2182203987
2182296276
2182930617
2183055797
2184239580
2184442400
2186070631
2186078039
2186103665
2186199817
2186622581
2186622982
2187441265
2188331470
2188949097
2189499551
2189888048
2192072559
2192099273
2192191526
2192233295
2192446145
2192491579
2192509155
2192565670
2192642043
2192823722
2192836507
2193077531
2193078714
2193211708
2193218754
2193482508
2193511115
2193538540
2193567434
2193578292
2193608991
2193646168
2193697884
2193701918
2193851958
2193854960
2193922932
2194015163
2194025194
2194626126
2194629307
2194648378
2194729994
2194746419
2194767474
2195299681
2195765865
2196006056
2196270973
2196278106
2196905506
2196973012
2197061730
2197322333
2197326694
2197478128
2197561061
2197629609
2197669697
2197888954
2197998652
2198032402
2198064390
2198374535
2198436355
2198455090
2198716311
2198766796
2198828600
2198838217
2198876975
2199284561
2199373600
2199405344
2199556700
2199564716
2199646930
2199734023
2199839527
2199851111
2199892612
2202051158
2202173737
2202239156
2202264975
2202374718
2202809059
2202809247
2203567170
2204659085
2205293533
2205293577
2205773539
2205774585
2207322181
2207322305
2207881818
2208008440
2232003967
2232016910
2232031154
2232031298
2232048802
2232065099
2232073593
2232097140
2232098782
2232099406
2232102384
2232230251
2232379681
2232435364
2232490973
2232581532
2232685068
2232823263
2233000231
2233180275
2233367172
2233478028
2233486544
2234238002
2235000482
2236000384
2237864768
2242027713
2242063006
2242086206
2242088557
2242102820
2242105312
2242106055
2242122220
2242156062
2242740044
2243065381
2243123741
2243272464
2243273004
2243274781
2243274874
2243274961
2243359477
2243462907
2243469179
2243469198
2243478739
2243513987
2243624302
2243796805
2244011568
2244083441
2244142148
2244169790
2244634909
2244701651
2244720291
2244902845
2244942347
2244963061
2244973072
2245060941
2245061913
2245408410
2245542791
2246207418
2246227994
2246687101
2246690256
2247027804
2248222759
2248501760
2248999789
2249315484
2249702024
2252071724
2252083666
2252091957
2252248384
2252348656
2252453918
2252967400
2253100338
2253252116
2253688308
2253688595
2253841006
2254006123
2254122753
2254213532
2254330680
2254336080
2254353463
2254462207
2254462775
2254502113
2254515511
2254517975
2254609400
2254658164
2254785409
2255001256
2255128624
2255176355
2255235562
2255337399
2256243304
2256271404
2256785758
2258253482
2258278211
2259008570
2262229355
2264523661
2264935319
2265604909
2266639964
2266717793
2267345588
2268033299
2268796106
2272228753
2272575567
2272600771
2272630472
2272630605
2272638328
2272898705
2273150186
2273150259
2274445874
2282002912
2282003341
2282034362
2282204023
2282224680
2282242268
2282318619
2282360445
2282657644
2282832369
2282880853
2282961523
2282968810
2282992506
2283324972
2283333743
2283334722
2283335237
2283335751
2283337627
2283389036
2283441028
2283481994
2283567990
2283569237
2283577186
2283636670
2283644457
2283821572
2284320159
2284528640
2284653882
2285220207
2285220979
2285338218
2285882725
2285911496
2286416144
2287071637
2287123980
2287690351
2288709231
2288709386
2292072331
2292223224
2292225262
2292613656
2292618254
2292701697
2292783624
2292805345
2292858812
2293203660
2293376743
2293453868
2293463779
2293500760
2293609728
2293647664
2293734533
2293892780
2293895025
2293942081
2294043197
2294048730
2294143624
2294143896
2294172295
2294172678
2294172858
2294222632
2294426445
2294475716
2294485729
2294537069
2294598022
2294635116
2294777908
2294985087
2295096187
2295143211
2295403456
2295409972
2295842481
2295974645
2296584368
2296883931
2297186983
2297984652
2298005537
2298054357
2298734525
2312102252
2312161433
2312173561
2312227491
2312442696
2312444578
2312479188
2312642260
2312776316
2312786502
2312890871
2312939425
2312939520
2312939784
2313071692
2313091500
2313505938
2313543139
2313710098
2313893937
2313902006
2314227324
2314262565
2314279027
2314279749
2314279785
2314279916
2314279925
2314315138
2314340802
2314340846
2314340922
2314377189
2314425097
2314425362
2314425571
2314425628
2314628270
2314656033
2314656249
2314656458
2314656810
2314656883
2314891505
2314891829
2314971047
2315184799
2315254999
2315710080
2315873749
2315873813
2315984836
2316000869
2316263841
2316477513
2316550175
2316550417
2316550540
2316550852
2316811753
2316853690
2317400467
2317749096
2317749180
2317749402
2317749486
2317749910
2317828809
2317908259
2317908303
2317908588
2317908744
2317908948
2317942638
2317979006
2317979147
2318000538
2318240907
2318358276
2318767910
2318935529
2319291660
2319328272
2319363234
2319363440
2319363806
2319363809
2319390765
2319432000
2319666403
2319772581
2319815542
2342162935
2342268413
2342281577
2342587603
2342718914
2342804220
2342915331
2343120323
2343496737
2343910207
2344283813
2344341721
2344759037
2345177434
2346030920
2348634261
2364680655
2366326683
2367401009
2392007822
2392011093
2392011098
2392011104
2392025746
2392051407
2392062899
2392103000
2392152630
2392240795
2392311797
2392356986
2392414400
2392566594
2392579632
2392888958
2393007008
2393032820
2393191140
2393236692
2393266251
2393418415
2393499023
2393569835
2393641812
2393720741
2393741970
2393743054
2393773081
2393873296
2393905430
2393941630
2393995963
2394212597
2394215588
2394225189
2394357572
2394367193
2394779850
2394800153
2394804268
2394811486
2394881354
2394884187
2394887295
2394887428
2394900035
2394900155
2394918132
2394990018
2395006373
2395071452
2395083238
2395138034
2395199828
2395230214
2395417745
2395739588
2395914642
2396030760
2396313609
2396634201
2396670828
2396734689
2396740095
2396869626
2396869718
2396908682
2396930595
2397373796
2397481520
2397663380
2397882124
2397900484
2398006515
2398228222
2398255324
2398371386
2398448556
2398448911
2398449140
2398449283
2398449630
2398804770
2398998516
2399221537
2399668553
2399777725
2399929806
2399972786
2402048126
2402131004
2402217879
2402234643
2402590681
2402694180
2403068985
2403181944
2403355609
2403392247
2403630965
2403637906
2403761231
2403769055
2403774762
2404432675
2404469994
2404481633
2405030459
2405565568
2405589095
2405704164
2405704364
2405705590
2405706365
2405822901
2405831016
2405858243
2405913866
2405982512
2406144079
2406144106
2406501276
2406584208
2406615227
2406809819
2406932365
2406963141
2407202103
2407280270
2407543967
2407573133
2407584410
2407878929
2407907041
2408203929
2408241816
2408251871
2408265326
2408346371
2408624303
2408665023
2408710995
2408756534
2409340874
2409394169
2409463336
2409491675
2409727149
2409736852
2482150215
2482203964
2482516898
2482693688
2482766646
2482768256
2482893409
2482906320
2483016527
2483136692
2483319665
2484138495
2484366300
2484533457
2484535468
2484871023
2485059606
2485092194
2485240876
2485746361
2486093328
2486518193
2486519722
2486548550
2486794829
2486995593
2487335121
2487415291
2487493246
2487642453
2487801739
2487806357
2487819016
2487910886
2487962073
2488030923
2488205896
2488383492
2488383513
2488383582
2488763279
2488838188
2488858345
2488889723
2489065822
2489121968
2489234865
2489245079
2489736597
2502186702
2503419707
2504650220
2509143815
2512004635
2512016346
2512057514
2512194577
2512200928
2512287133
2512401573
2512500496
2512595766
2512638696
2512710921
2512764678
2512898115
2513126526
2513147356
2513156876
2513171623
2513179083
2513181376
2513198106
2513251283
2513251843
2513252461
2513357799
2513388628
2513459245
2513511491
2513544524
2513998096
2513998153
2513998158
2514166507
2514277591
2514802829
2515021003
2515021288
2515021330
2515021358
2515021698
2515174436
2515312118
2515312394
2515312541
2515312571
2515313287
2515314127
2515314290
2515314355
2515314356
2515314479
2515314603
2515314604
2515314615
2515314694
2516006796
2516540483
2516909803
2516992990
2517107109
2517107555
2517107679
2517244403
2517256029
2517664004
2517766934
2517998803
2517999601
2518907500
2519294573
2519720659
2522100604
2522233701
2522714970
2522728055
2522800646
2522980970
2522987111
2523012028
2523153680
2523247100
2523309531
2523328458
2523363518
2523597765
2523620212
2523624800
2523720429
2523802425
2523903611
2524282774
2524767369
2524773428
2524866944
2524945362
2525089086
2525812598
2525883993
2525904987
2525956368
2525962745
2525963870
2525987866
2526171624
2526174040
2526182889
2526322113
2526770169
2526776745
2526779608
2526801699
2526922071
2526922668
2526984848
2527126037
2527232499
2527748492
2527778738
2527954704
2528188158
2528421490
2528582317
2528691953
2528771406
2528798143
2528818383
2529666647
2529669449
2529846939
2532012941
2532014628
2532058067
2532166755
2532184840
2532478809
2532547751
2532580167
2532624405
2532893179
2532949321
2532998539
2533022644
2533221822
2533363908
2533614751
2533672428
2534009063
2534025641
2534349492
2535183971
2535232500
2535405252
2535405260
2535500824
2535503248
2535618498
2536450188
2536970711
2537707221
2538022410
2538302182
2538413845
2539040361
2539484704
2542131492
2542275026
2542374152
2542497749
2542615270
2542674428
2542796004
2543001423
2543092716
2543186622
2543186648
2543210178
2543223433
2543274549
2543317063
2543487078
2543541529
2543582695
2543588840
2543901562
2544011260
2544256922
2544335747
2544386962
2544622633
2544818729
2544895930
2544923453
2545095318
2545236410
2545239208
2545888305
2545891467
2546006104
2546378764
2546422931
2546539951
2547663566
2547774827
2548044508
2548339767
2549667032
2549999392
2553704661
2562055757
2562075853
2562128546
2562159685
2562215138
2562381668
2562382071
2562382648
2562385631
2562388933
2562389498
2562425023
2562537271
2562557686
2562612142
2562842122
2562874445
2563563749
2563757250
2563844826
2564106289
2564139247
2564226123
2564448563
2564472401
2564478278
2564630213
2564676743
2564795817
2564941757
2565091233
2565169274
2565839911
2566232913
2566326802
2566458028
2566803689
2566850824
2566852278
2566855223
2566856100
2566856833
2566888103
2566951998
2567094934
2567336321
2567482342
2567660687
2567698141
2567699627
2567875123
2568034349
2568539265
2568612892
2568770983
2569091962
2569407987
2569521507
2569820023
2569934377
2602006026
2602028654
2602032474
2602133300
2602148022
2602223465
2602304292
2602306088
2602342003
2602342016
2602342039
2602383276
2602440560
2602440877
2602446450
2602447884
2602501104
2602548889
2602616305
2602683369
2602684973
2602758341
2602822912
2602825466
2602825588
2602891034
2602950934
2602999901
2603033771
2603151497
2603212396
2603233747
2603261836
2603268708
2603278150
2603279211
2603344234
2603506079
2603994005
2604000585
2604122594
2604123255
2604124098
2604566695
2604882812
2604949056
2605291811
2605642147
2605642202
2605642300
2605642361
2605642501
2605828275
2606029032
2606226125
2606274047
2606322299
2607269789
2607466187
2607619287
2607772217
2608009524
2608681597
2609000967
2609003026
2609008823
2609009534
2609009963
2609203661
2609463626
2609976390
2622010461
2622038331
2622053770
2622059785
2622164036
2622229661
2622268500
2622605638
2622747597
2622946054
2623048719
2623267597
2623369741
2623507355
2623507645
2623550094
2623876038
2624155441
2624192206
2624646348
2624648540
2624666182
2624685941
2625517571
2625519530
2626468140
2626617038
2626677233
2626860843
2626963761
2627167894
2627246837
2627318527
2627576251
2627666050
2628914517
2629470279
2629474535
2667936303
2672029264
2672042322
2672128910
2672140551
2672147156
2672224904
2672334791
2672590067
2672674160
2672963289
2672990914
2673009415
2673100128
2673290145
2673419230
2673477958
2673655654
2673817637
2673822703
2673822711
2673900428
2673934816
2673995410
2674322432
2674330980
2674431178
2674431290
2674865351
2675087132
2675105770
2675106565
2675210395
2675320721
2676280678
2676417720
2676499913
2676525646
2676526197
2676526816
2676575418
2676769963
2676967770
2676969027
2676993153
2677034949
2677124045
2677155724
2677251734
2677431920
2677481759
2677711258
2677712501
2677778881
2677860314
2677860331
2677863497
2678177183
2678484699
2678512862
2678771565
2678772965
2678773339
2678776925
2678778292
2678885729
2679008794
2679060093
2679060469
2679061644
2679065972
2679067916
2679077276
2679330084
2679357801
2679375955
2679444338
2679639449
2679964490
2688462385
2692155431
2692258219
2692258752
2692308984
2692314775
2692491019
2692491043
2692549306
2692549338
2692644769
2692801357
2692809644
2692809837
2692826903
2692843906
2692943169
2693003797
2693019966
2693388648
2693577667
2693577706
2693899767
2693906396
2694023368
2694033444
2694218740
2694429246
2694444061
2694444940
2694730768
2694821135
2694826014
2694837676
2695005430
2695038406
2695200223
2695200308
2695200500
2695200527
2695280751
2695488442
2696006168
2696122548
2696289173
2696929866
2697102182
2697102190
2697936899
2698069730
2698550277
2699947348
2702096651
2702146914
2702164502
2702169834
2702205143
2702320412
2702326434
2702338665
2702349940
2702383331
2702396747
2702556709
2702691041
2702787616
2702964449
2702993647
2703013792
2703183709
2703224845
2703360583
2703377305
2703378880
2703534482
2703545651
2703684463
2703731038
2703731745
2703908339
2703908996
2703968227
2703973515
2703973560
2703973734
2704001149
2704005959
2704006796
2704007612
2704149256
2704258324
2704288578
2704289271
2704289962
2704311058
2704321494
2704329988
2704463712
2704465365
2704467063
2704468915
2704513201
2704535857
2704536073
2704538274
2704538968
2704539112
2704601676
2704624275
2704670575
2704670587
2704671076
2704671199
2704851167
2704862528
2705047930
2705141234
2705143928
2705159779
2705251259
2705332813
2705337251
2705361983
2705516982
2705517178
2705586694
2705606217
2705618420
2705864878
2705883249
2705948420
2706099143
2706267971
2706310999
2706346526
2706346551
2706442320
2706469604
2706494124
2706497231
2706522002
2706729721
2706968119
2706968509
2706968829
2706971010
2706973374
2707018051
2707019053
2707102386
2707104954
2707105158
2707105784
2707108365
2707109223
2707109255
2707109298
2707109703
2707149768
2707154769
2707155867
2707182025
2707347494
2707348523
2707348588
2707348745
2707431381
2707568123
2707585673
2707588966
2707643107
2707649136
2707704453
2707952330
2707952425
2707952908
2707958746
2707959784
2708011683
2708011813
2708054512
2708054879
2708055676
2708055862
2708056438
2708143305
2708143449
2708144769
2708144811
2708144980
2708145662
2708145980
2708147013
2708148545
2708149416
2708149585
2708149912
2708157966
2708158467
2708158616
2708158683
2708159593
2708176347
2708318252
2708563721
2708590730
2708620356
2708626434
2708628728
2708672614
2708673702
2708674309
2708677941
2708682839
2708684981
2708686017
2708686627
2708687190
2708687392
2708708149
2708708796
2708724092
2708732233
2708733983
2708843695
2708882829
2709044925
2709209112
2709209314
2709209435
2709209961
2709218045
2709375158
2709375574
2709375640
2709381862
2709436285
2709662381
2709778271
2709883711
2709929324
2717107401
2722001254
2722016258
2722235451
2722368644
2722383389
2722433960
2722498637
2722542057
2722542058
2722962998
2723049013
2723448645
2723567267
2724375216
2725000962
2726242620
2742078298
2762005013
2762085227
2762183687
2762224392
2762406571
2762420226
2762424879
2762555436
2762828187
2762829590
2762842124
2762861879
2762901722
2762957405
2762998087
2762998726
2763070246
2763081386
2763175762
2763184937
2763192313
2763291393
2763292912
2763333962
2763560284
2763581097
2763838198
2763953065
2764770181
2765006172
2765914211
2765981294
2766706497
2766707140
2766966340
2767865786
2767866039
2767866646
2768333836
2769783263
2769999142
2792121118
2792122808
2792131981
2792197445
2792268896
2792282216
2792387122
2792885240
2793007008
2793229780
2795000967
2795005497
2797599651
2797599764
2799777213
2812014700
2812061731
2812091643
2812093671
2812105789
2812182722
2812204368
2812243944
2812310128
2812326905
2812330474
2812423891
2812452053
2812537119
2812547027
2812547883
2812547896
2812547912
2812547960
2812548010
2812548365
2812548384
2812548504
2812548787
2812627465
2812658739
2812736412
2812751786
2812811385
2812836470
2812912736
2812949261
2812980946
2813008138
2813175940
2813224607
2813240095
2813240595
2813249851
2813264787
2813267812
2813333985
2813340870
2813399660
2813429781
2813569164
2813587869
2813674356
2813744158
2813756050
2813773219
2813779384
2813924010
2813926270
2813936858
2813967061
2814003192
2814043561
2814046739
2814103814
2814164817
2814171896
2814291563
2814310602
2814317523
2814364245
2814368001
2814411286
2814412126
2814438493
2814521195
2814560921
2814574734
2814621652
2814666909
2814695385
2814760180
2814780672
2814925724
2814926161
2815004370
2815035001
2815221648
2815355387
2815358462
2815358496
2815358593
2815358627
2815447018
2815492396
2815545706
2815627846
2815704012
2815728102
2815750928
2815820573
2816003360
2816018229
2816128539
2816186489
2816226795
2816231216
2816268789
2816536427
2816723991
2816731346
2816747958
2816991237
2817125764
2817168385
2817246110
2817294469
2817294569
2817294973
2817295338
2817295554
2817295821
2817296005
2817296078
2817296388
2817299268
2817459524
2817463759
2817470081
2817484822
2817558403
2817632862
2817643130
2817662933
2817784539
2817929881
2818034984
2818054699
2818173291
2818212099
2818226093
2818233940
2818240687
2818240704
2818253730
2818286330
2818288441
2818339448
2818353197
2818393984
2818530923
2818538503
2818541706
2818626999
2818651733
2818675663
2818692061
2818702470
2818797053
2818852905
2818870066
2818916856
2819037453
2819130930
2819152349
2819153535
2819251004
2819275401
2819344516
2819360914
2819361209
2819374778
2819416073
2819530975
2819538720
2819570378
2819572186
2819573314
2819574382
2819627432
2819684313
2819685807
2819783984
2819785983
2819789786
2819824252
2819832581
2819961318
2819985834
2832003728
2832004469
2832018618
2832096519
2832136291
2837778572
2837778947
2838883797
2839991353
2892670479
2892675353
2893001770
2895397809
2898530509
2899205062
2914726953
3012152803
3012206651
3012292785
3012385630
3012535690
3012973233
3012973820
3013043292
3013217009
3013217905
3013493687
3013499391
3013631153
3013669832
3013683534
3013895061
3014093976
3014147865
3014276065
3014758114
3014784584
3014854539
3015134861
3015186216
3015396425
3015476278
3015502029
3015639859
3015640922
3015917786
3016123691
3016123875
3016153618
3016355770
3016405323
3016440587
3016788125
3016868398
3016870423
3016906059
3016920651
3017100134
3017109016
3017375034
3017459382
3017740199
3017816991
3017861577
3018229718
3018231009
3018426851
3018875024
3018897384
3018897427
3018899159
3018926080
3018957693
3019185560
3019201198
3019496856
3019607842
3019852456
3022029857
3022039810
3022043868
3022049734
3022057637
3022084158
3022099910
3022142150
3022318081
3022374313
3022445747
3023003664
3023073910
3023149598
3023166539
3023423931
3023428151
3023491092
3023496715
3023498381
3023498760
3023514610
3023695397
3023853476
3023856787
3023865490
3023865721
3023866138
3023868374
3024181030
3024181730
3024183180
3024183219
3024372381
3024458939
3024466718
3024594660
3024600984
3024610686
3024813109
3024855519
3024971695
3024978470
3024978706
3025036020
3025100482
3025205145
3025206531
3025382106
3025493453
3025514995
3025521366
3025588639
3025727352
3025814986
3025914314
3025923455
3025958061
3026000667
3026004021
3026031729
3026063993
3026128952
3026156814
3026178013
3026376468
3026453014
3026985743
3027226553
3027263768
3027322534
3027542818
3027818294
3027818569
3027818810
3027870563
3027870624
3028392520
3028675681
3028702989
3029273338
3029880260
3029880739
3029887883
3032048443
3032141421
3032196306
3032198807
3032257934
3032380104
3032399599
3032428367
3032555040
3032618063
3032767627
3032769512
3032780413
3032827503
3032909436
3032924495
3032929197
3033012804
3033056759
3033090714
3033161044
3033256459
3033259717
3033489189
3033705418
3033850190
3033869469
3033942484
3034016022
3034093906
3034142809
3034142891
3034561594
3034844470
3035006205
3035021829
3035028673
3035126319
3035263262
3035299566
3035317007
3035352362
3035352363
3035352371
3035352373
3035352375
3035352378
3035366505
3035519613
3035586020
3035588110
3035588130
3035588134
3035622948
3035698345
3035716539
3035780783
3035783983
3035784959
3035794163
3035883708
3035903799
3036046263
3036220796
3036538353
3036701765
3037094739
3037124187
3037125104
3037127071
3037165832
3037207367
3037314804
3038014862
3038021132
3038161590
3039231272
3039248911
3039267096
3039389981
3039431973
3039522386
3039528472
3039574678
3039704911
3039853435
3039875012
3039891342
3039908052
3042001168
3042005561
3042005736
3042025287
3042093143
3042093438
3042441986
3042454559
3042627904
3042656940
3042735695
3043013395
3043071579
3043079021
3043091779
3043158189
3043158570
3043168280
3043168507
3043168644
3043361290
3043366208
3043371338
3043371596
3043377131
3043377561
3043381130
3043381334
3043381799
3043628594
3043682011
3043706061
3043706184
3043706341
3043706478
3043706741
3043718104
3043718304
3043817103
3043943259
3043946594
3043948802
3043980814
3043984192
3043989647
3044048127
3044048423
3044048493
3044131605
3044182430
3044271239
3044438804
3044460750
3044541266
3044541498
3044600205
3044679705
3044701162
3044736105
3044736499
3044736519
3044736774
3044967788
3045005891
3045009212
3045016522
3045016849
3045038682
3045038775
3045038821
3045038995
3045048759
3045058512
3045058740
3045068848
3045072123
3045106480
3045380491
3045380506
3045380776
3045519386
3045775211
3045791088
3045798504
3045986198
3046029019
3046038466
3046038813
3046098759
3046163101
3046237291
3046277227
3046454139
3046521055
3046521994
3046529923
3046640272
3046640315
3046640582
3046649930
3046665009
3046930048
3046930317
3046930461
3047263007
3047263048
3047427036
3047432412
3047586014
3047623014
3047623215
3047624007
3047624028
3047624170
3047624172
3047625145
3047694443
3047729394
3047729456
3047737254
3047749085
3047749307
3047749371
3047872105
3047872117
3047872175
3047872180
3048058018
3048058064
3048058089
3048058151
3048058423
3048058483
3048068010
3048068012
3048068143
3048068207
3048068227
3048068349
3048079427
3048101264
3048143261
3048238077
3048263072
3048291477
3048291541
3048366035
3048366149
3048366178
3048371126
3048371129
3048371303
3048538017
3048538075
3048538395
3048676109
3048677295
3048677316
3048678129
3048852408
3049021202
3049021343
3049021477
3049031009
3049031109
3049031142
3049031277
3049031448
3049031502
3049031581
3049091103
3049091253
3049091282
3049091575
3049151172
3049151194
3049151247
3049151268
3049151479
3049151480
3049151552
3049151558
3049159454
3049330162
3049330197
3049330368
3049330378
3049330516
3049378231
3049378309
3049378341
3049448441
3049469315
3049687193
3049698013
3049712674
3049716080
3049716260
3049716326
3049716416
3049716504
3049787532
3049800097
3049800125
3049800420
3049892261
3049906240
3049950395
3049950426
3049950452
3049950478
3049950530
3049990116
3049990161
3049990457
3049990675
3049990782
3052040133
3052048234
3052223359
3052394552
3052396554
3052590092
3053071122
3053170197
3053576919
3053596833
3053608625
3053904098
3053912902
3053948517
3053949912
3053962206
3054023144
3054028874
3054031400
3054048734
3054057408
3054201921
3054211129
3054329519
3054349399
3054401897
3054520993
3054658131
3054772537
3054879786
3055004119
3055037548
3055038807
3055038892
3055066414
3055070371
3055070857
3055478699
3055605849
3055642439
3055648390
3055992600
3056004658
3056026561
3056026737
3056141712
3056151650
3056261297
3056265673
3056360073
3056636167
3056755234
3056766726
3056768740
3057034471
3057047328
3057095287
3057123941
3057260275
3057331294
3057471691
3057495670
3057718799
3058082310
3058084371
3058084673
3058312033
3058344126
3058458551
3058946897
3059022193
3059063587
3059076319
3059151588
3059157993
3059214631
3059226691
3059380741
3059469644
3059606243
3059642397
3059726838
3059852783
3059900461
3063290895
3065365305
3067537824
3068551436
3068638936
3072004080
3072041420
3072047909
3072428990
3072853726
3072882785
3072927235
3072928846
3073028606
3073064145
3073233194
3073571208
3073728307
3073872145
3073935274
3074019832
3074195068
3074408351
3074497041
3074497127
3074497332
3074498054
3074498111
3074498225
3074498404
3074498580
3074745055
3074745304
3074745471
3074745619
3074746164
3074746329
3074746659
3074746692
3077359758
3077420656
3077524659
3082183959
3082334548
3082356553
3082960956
3083364400
3083710165
3083860326
3084444174
3085711667
3085837577
3092202598
3092255448
3092295530
3092453474
3092509751
3092705481
3092710444
3093001693
3093001857
3093011020
3093011140
3093011431
3093011798
3093011879
3093011881
3093129159
3093129603
3093129642
3093242448
3093814187
3094576688
3094613789
3096531808
3096666120
3097124155
3097458304
3097999280
3098149558
3098362073
3098622442
3099208838
3099301340
3102950829
3103310583
3103410421
3104759016
3105263890
3105366307
3106204944
3106677534
3106677541
3106951821
3107091706
3107313372
3107313435
3107429742
3107588829
3108461566
3108722441
3108722678
3109056046
3109060298
3109195217
3109290130
3109291816
3109294097
3109334571
3109523349
3109989319
3122100832
3122108687
3122612221
3122620672
3123127237
3123481517
3123481582
3123760412
3123921388
3124108292
3124238746
3124286473
3124292043
3124420967
3124495283
3124603947
3124737599
3124739275
3124739917
3124933674
3125083493
3125481005
3125498630
3126140383
3126246171
3126374295
3126463645
3126532073
3126615476
3126679397
3126861298
3126909706
3126982498
3127084242
3127283032
3127419770
3127483505
3127487143
3127488928
3127611985
3127617962
3127619405
3127641549
3127722049
3127762825
3127923983
3128005882
3128090449
3128153135
3128159722
3128331175
3129404152
3129623064
3129643170
3132094373
3132283437
3132341227
3132342053
3132345371
3132351000
3132417139
3132461330
3132881911
3133038703
3133144858
3133381765
3133442751
3133495454
3133517015
3133626657
3133732986
3133755939
3133851223
3133904487
3133947293
3133955773
3134372387
3134421799
3134517388
3134668927
3134762563
3134881811
3134884921
3135147623
3135196629
3135248384
3135248462
3135249114
3135400072
3135479784
3135479789
3135526469
3135528820
3135725235
3135916038
3136045499
3136045501
3136202123
3136202251
3136202514
3136202612
3136354240
3136532355
3136594280
3136777172
3136960071
3137089618
3137089619
3137262207
3137323077
3137323123
3137323127
3137323267
3137323296
3137323544
3137528715
3137764852
3138052295
3138161653
3138300990
3138552219
3138572002
3138572263
3138572387
3138572418
3138572532
3138594161
3138729825
3139132581
3142003275
3142549845
3142591900
3142662274
3142666682
3143092132
3143092646
3143093311
3143100380
3143101456
3143103656
3143105309
3143105564
3143106459
3143109269
3143381040
3143383143
3143565900
3143756879
3143829171
3143841724
3143906145
3144452740
3144455574
3144491571
3144764736
3144804762
3144993083
3144993377
3145011404
3145218605
3145273104
3145276865
3145331041
3145693758
3145842386
3145977483
3146058631
3146261274
3146430891
3146441251
3146472181
3146649243
3146710152
3146905037
3146923217
3146961519
3147014028
3147045617
3147104478
3147105137
3147105191
3147106789
3147144080
3147146786
3147359681
3147699071
3147844377
3147848391
3147882717
3147987899
3148207635
3148607671
3148608993
3148642844
3148845373
3148845446
3148845506
3148845634
3148972350
3149129014
3149213685
3149268101
3149374296
3149479348
3149670058
3149792263
3152010826
3152083232
3152083284
3152160501
3152162906
3152264798
3152353272
3152819858
3152883228
3152883246
3152934183
3153527087
3153527344
3153607514
3153750789
3153801621
3153813610
3155378282
3155476935
3155476939
3155883005
3156071600
3156151046
3156184314
3156282554
3156452351
3157162786
3157162814
3157401892
3157432113
3157432207
3157433166
3157573265
3157953706
3158256716
3158364311
3158432091
3158463850
3158715290
3158814163
3159161401
3159402893
3159712229
3159712766
3159731090
3159931813
3159956171
3162107842
3162393968
3162470598
3162473743
3162473758
3162474075
3162485367
3162561028
3162663823
3162859855
3162914330
3163159721
3163200796
3163208751
3163686705
3163689757
3163759533
3163759534
3163921651
3163922605
3163967826
3163967869
3164166891
3164358727
3164624494
3164918284
3165189253
3165429428
3165537699
3166008097
3166244313
3166337960
3166679246
3166698471
3166886262
3167452874
3167492759
3167494919
3167619052
3167661597
3167663812
3167786531
3168474301
3168882993
3168884251
3168884498
3168884598
3168889163
3168956808
3169327073
3169460105
3169745237
3169747234
3169995214
3172065313
3172142214
3172149967
3172266333
3172419780
3172794101
3172826720
3172843921
3172909721
3173007390
3173282061
3173357678
3173511675
3173525751
3173614280
3173750093
3173868062
3173948871
3173967412
3174554600
3174582778
3174585729
3174589496
3174637575
3174938281
3174972053
3175126903
3175229442
3175342400
3175497505
3175583759
3175888024
3175912704
3176188364
3176188551
3176188599
3176305048
3176562094
3176696765
3176789943
3176809118
3176826027
3176890111
3176891054
3176994022
3176994605
3176997315
3176997785
3177124693
3177124696
3177126114
3177129362
3177395491
3177513318
3177597053
3177630662
3177639697
3177756838
3177853084
3177872741
3177887327
3178059137
3178085971
3178129895
3178149305
3178361556
3178546333
3179008161
3179071941
3179204033
3179214347
3179301358
3179420649
3179536837
3179548169
3179604853
3179963813
3182064575
3182149183
3182149535
3182166627
3182166629
3182166630
3182166635
3182166637
3182166639
3182166642
3182197401
3182258178
3182258213
3182258281
3182258288
3182258302
3182258304
3182258305
3182258313
3182258422
3182394477
3182465068
3182468511
3182578651
3182697593
3182998872
3183247023
3183342659
3183539603
3183735573
3183818467
3183930182
3184020158
3184135820
3184356672
3184938572
3184965047
3185016276
3185066581
3185066999
3185153809
3185157649
3185170393
3185193113
3185228294
3185250241
3185259540
3185262093
3185314957
3185342838
3185454718
3185582594
3185673385
3185683558
3185911388
3185963361
3185968326
3186236993
3186578119
3186842038
3187134752
3187181575
3187189040
3187501854
3187833429
3188003172
3188006956
3188225096
3188255606
3188540144
3188733007
3189378605
3189400764
3192096493
3192374226
3192377134
3192377204
3192446715
3192618658
3192655536
3193182674
3193366127
3193366434
3193366615
3193368496
3193373371
3193386587
3193486211
3193602754
3193641944
3193802224
3193802686
3193852074
3193951778
3194027732
3194027743
3194027748
3194032999
3194033916
3194084689
3194105493
3194105886
3194211982
3194336346
3195000835
3195005373
3195127682
3195234556
3195236953
3195277786
3195283034
3196333543
3196523535
3196991050
3197387565
3197426050
3197430577
3197743034
3198639116
3198675765
3199009765
3202056354
3202688793
3202688983
3202887352
3203168637
3203486123
3203825830
3204258634
3204258770
3204417537
3204529423
3204729884
3205278320
3205460297
3206664190
3206664790
3207222149
3207465285
3207822509
3208885340
3208887646
3208999072
3209618387
3209635500
3209994179
3212203659
3212441364
3212553177
3212573506
3212576707
3212654906
3212722984
3212732459
3212748943
3212893680
3212942993
3213055766
3213064451
3213211468
3213254354
3213291622
3213311398
3213361930
3213363560
3213363862
3213381568
3213391790
3213423977
3213447813
3213536184
3213588625
3213597346
3213615316
3213615830
3213625843
3213687534
3213927085
3213947930
3213952477
3213952504
3213952515
3213956337
3213958327
3213958702
3213958707
3213958866
3213958877
3213980267
3214050495
3214051902
3214095267
3214105157
3214108528
3214132971
3214153684
3214188869
3214264730
3214269531
3214302227
3214450441
3214498578
3214625002
3214652354
3214690180
3214701237
3214711311
3214714835
3214780502
3214786270
3214812849
3214906735
3214906754
3214991638
3214991734
3214991850
3214991861
3214991876
3215107912
3215139124
3215162328
3215229254
3215247697
3215291546
3215343318
3215594320
3215597707
3215671916
3215770152
3215770753
3215770987
3215779537
3215779593
3215779935
3215783384
3215998615
3216131455
3216414924
3216556097
3216761224
3216895864
3217012225
3217013065
3217309514
3217662525
3217704299
3217850165
3217850173
3217850403
3217850461
3217850486
3217850968
3217855177
3217855471
3217855485
3217858189
3217881606
3217995142
3217995541
3218048877
3218373600
3218376305
3218446900
3218502562
3218661469
3218661707
3218661738
3218661778
3218661792
3218661852
3218661928
3218661963
3218661969
3218661982
3218662000
3218662056
3218663000
3218663082
3218664000
3218784082
3218901393
3219512941
3219521396
3219729799
3219860267
3219880154
3219880510
3219888055
3219888063
3219889262
3219889345
3219889572
3219889579
3219889624
3219889969
3219891725
3219893981
3232852195
3234138117
3234315042
3234710833
3235070011
3235158446
3235405561
3235462684
3235584326
3235798078
3235937951
3236094223
3236172722
3236182722
3236182723
3236182744
3236182816
3236182844
3236192722
3236281061
3236281975
3236307389
3236452514
3236762316
3236897192
3236937305
3237054675
3237399190
3237626366
3238012431
3238092208
3238801827
3239179101
3239477889
3239685119
3239823921
3242040426
3245870663
3245870729
3252041631
3252299477
3252618872
3252746029
3253061180
3253061753
3253319547
3253392986
3254557262
3255676202
3257548314
3257923101
3258427398
3258682670
3259360651
3262003850
3262017020
3262123945
3262200032
3262200039
3262338344
3262970301
3262971302
3262971856
3263004302
3263486485
3266260274
3269000392
3272011974
3292017117
3292017133
3292191387
3293336012
3302238158
3302270074
3302275011
3302275493
3302360710
3302433991
3302716789
3302718148
3302744598
3302937897
3303131648
3303188811
3303318469
3303435551
3303508331
3303554256
3303684107
3303686672
3304031631
3304038332
3304084288
3304223619
3304225635
3304273374
3304437986
3304439444
3304461568
3304584534
3304705810
3304858095
3304859234
3305103904
3305155577
3305209181
3305271215
3305333920
3305363651
3305414054
3305433070
3305514736
3305518720
3305519103
3305576673
3305821288
3305934576
3306097341
3306341902
3306342353
3306390712
3306392081
3306440276
3306632541
3306755602
3306787650
3306793616
3306835430
3306893966
3307069896
3307070516
3307234529
3307322534
3307326102
3307326172
3307326175
3307326475
3307361582
3307608544
3307724331
3307724898
3307726659
3307727542
3307727627
3307752002
3308001447
3308102731
3308213049
3308246281
3308513136
3308525173
3308597857
3308669423
3308929834
3308979061
3309084359
3309130093
3309182493
3309214668
3309354516
3309524079
3309524953
3309632623
3309640015
3309694076
3309708473
3309898827
3309901307
3312008263
3312129260
3312207728
3312239961
3312366516
3312452954
3312484952
3312484967
3312577411
3312693366
3312693434
3312693520
3312845829
3312862896
3312865406
3312925256
3312965485
3312970617
3312971083
3313064952
3313202232
3313423003
3313423011
3313450359
3313733819
3315295002
3315299079
3316000931
3318881662
3318881773
3318881948
3318881953
3319463471
3322042926
3322088970
3322106185
3322176439
3322492239
3322516031
3322536696
3322640007
3322691538
3322724618
3322732007
3322797394
3322822162
3322917039
3322964051
3322966605
3322966628
3322966763
3323160136
3323200919
3323201190
3323347984
3326999249
3328779314
3328779317
3328951907
3328956362
3328956473
3328956505
3342187924
3342337559
3342377181
3342460281
3342678511
3342740871
3343246529
3343456541
3343903735
3344017709
3344448105
3345332624
3345403297
3345482296
3345591126
3345938373
3346047599
3346164596
3346213529
3346325887
3346328088
3346415702
3346763588
3346976010
3347083297
3347396327
3347399031
3348101883
3348233548
3348703066
3349177096
3349177211
3349177425
3349177536
3349555519
3349622033
3349622124
3349622314
3349622641
3349898802
3349899742
3349985068
3349985092
3349985127
3349985147
3349985232
3349985441
3349985457
3349985616
3362014685
3362034955
3362189037
3362525903
3362613634
3362898510
3362916163
3362961839
3362968334
3363105559
3363139311
3363295246
3363903958
3364004275
3364025364
3364058722
3364144899
3364155093
3364398374
3364399201
3364436580
3364505373
3364707660
3364741563
3364746257
3364776184
3364817360
3364855943
3365029141
3365138970
3365169261
3365255713
3365296984
3365333569
3365343348
3365372813
3365373531
3365547784
3365547959
3365587879
3365592394
3365697054
3365715154
3365996670
3366034406
3366165411
3366187367
3366192110
3366299999
3366313142
3367042292
3367368519
3367807113
3368244843
3368401028
3368461467
3368638025
3368772419
3368845880
3368920728
3368924164
3368926004
3368938476
3368986418
3369207993
3369446372
3369496300
3369572529
3369579279
3369669768
3369758783
3372027107
3372224158
3372599290
3372651584
3372703493
3372729905
3372772321
3372797292
3373078714
3373376392
3373418855
3373727035
3373794371
3373904509
3374152309
3374457149
3374535965
3374543804
3375590838
3375743159
3375927301
3376146417
3376925422
3377148607
3377421066
3377696780
3379468793
3379778928
3379994316
3389104804
3392176703
3392217478
3392302424
3392334793
3392363992
3392396110
3392554337
3393003503
3393336811
3394004260
3394441710
3395260791
3395293341
3395293487
3395293552
3395293770
3395299309
3396134570
3397934672
3399875460
3412085217
3412102667
3412159866
3414418767
3414658978
3415825663
3418991466
3432169572
3432599756
3437632802
3439227078
3462007158
3462095741
3462142193
3462263945
3462375388
3462581594
3462612452
3462752969
3462861600
3462877883
3462985773
3462990643
3463093804
3463330048
3463444180
3463454934
3463539214
3463578706
3463587563
3463619208
3463816500
3463947205
3464295356
3464576172
3464806824
3464860750
3464860781
3465014601
3465152151
3465156824
3465443690
3465533644
3465604960
3465724480
3466157913
3466169399
3466236076
3466448305
3466591444
3466747556
3466803843
3466937227
3467350243
3467411949
3467550578
3467666823
3467860306
3467899366
3468022504
3468183289
3468720308
3469995716
3472122059
3473063504
3473085909
3473159134
3473181691
3473433841
3473545916
3473547208
3473633131
3473809631
3473898203
3473950091
3473954079
3473973319
3474130098
3474287493
3474287574
3474349939
3474451329
3474459064
3474751211
3474772509
3474772589
3474772952
3475041805
3475084020
3475194682
3475234521
3475295159
3475303279
3475608828
3475609458
3475739212
3475779307
3475779840
3476191737
3476258380
3476304921
3476322939
3476526914
3476723744
3476902829
3476987854
3477166031
3477167811
3477451481
3477589237
3477590821
3477697955
3477935226
3477957015
3477964558
3477974892
3478095890
3478411674
3478617876
3478618255
3478629012
3478714636
3478934327
3479015444
3479015847
3479146380
3479302398
3479405083
3479472452
3479551032
3479702141
3479971086
3502029954
3502071562
3502214214
3512045016
3512045160
3512045188
3512045371
3512045575
3512045603
3512046167
3512046440
3512046597
3512050466
3512072982
3512107866
3512236040
3512330051
3512393094
3512393145
3512393277
3512393377
3512407278
3512407392
3512407695
3513569098
3515293515
3518008606
3518374030
3522086486
3522092114
3522257714
3522285491
3522303049
3522353426
3522360477
3522539303
3522573824
3522597321
3522749459
3522751574
3522801824
3522802858
3522877844
3522907417
3522948178
3522970192
3522986125
3523254045
3523257351
3523284108
3523332525
3523399171
3523524053
3523584972
3523864869
3523994052
3524042991
3524152122
3524338404
3524507430
3524552502
3524584106
3524584610
3524665868
3524838774
3524998095
3524999617
3525132742
3525137650
3525173856
3525531872
3525628173
3525652771
3525667424
3525681963
3525928100
3525943202
3526040847
3526050844
3526050847
3526076089
3526194857
3526226021
3526485392
3526515434
3526531555
3526645441
3526681677
3526783170
3526819574
3526844259
3526872621
3526978218
3527291944
3527474449
3527514693
3527592252
3527663363
3527729807
3527757100
3527757120
3527911895
3527975466
3528023050
3528029107
3528206472
3528240364
3528294639
3528303061
3528418785
3528425025
3528425497
3528430374
3528450827
3528668499
3529152187
3529874177
3529874343
3529874597
3529874619
3602070069
3602081394
3602089940
3602217653
3602262531
3602268307
3602309165
3602452997
3602459749
3602547803
3602565328
3602616368
3602633485
3602634959
3602635509
3602762398
3602766466
3602888047
3602987206
3603029773
3603224140
3603236056
3603325771
3603423262
3603572852
3603600415
3603618685
3603668250
3603678098
3604290795
3604471844
3604473908
3604477756
3604506744
3604565668
3604691983
3605154490
3605240873
3605391418
3605395186
3605761286
3606144911
3606147025
3606364011
3606373651
3606776827
3606851921
3606958379
3607178961
3607224766
3607261852
3607350123
3607834833
3607935546
3607950331
3607951223
3607953148
3607958215
3608004515
3608223788
3608422770
3608679021
3608879918
3608895651
3608970427
3609446043
3609968361
3609985421
3612011252
3612027901
3612188382
3612215118
3612406164
3612649290
3612873650
3612958904
3612981357
3613025103
3613136978
3613335217
3613564787
3613647776
3613881537
3613888826
3613888934
3614018648
3614237434
3614562468
3614658847
3614859827
3615882295
3615884139
3616009487
3616020177
3616020310
3616835928
3617171043
3617171987
3617471471
3617476450
3617617697
3618374150
3618542230
3618793189
3618971121
3619040115
3619346890
3632004261
3632009548
3632040212
3632048531
3632085342
3632162802
3632171989
3632207001
3634432345
3642050434
3642079597
3642133287
3642244637
3644880389
3645001048
3645005085
3645005194
3645005203
3645005364
3692166062
3692166303
3692166427
3692166433
3692166437
3692388830
3699991097
3738735902
3802061080
3802126851
3802148684
3802199109
3802219309
3802258684
3802263671
3802273587
3802305152
3802307327
3802345817
3802355304
3802356117
3802408426
3802424206
3802462472
3802538402
3802613711
3802738449
3802752730
3802856864
3802883335
3802911037
3803000504
3803241392
3803335830
3807998165
3807999132
3808003818
3809009740
3828075133
3852343343
3852478973
3852617139
3853070332
3853087601
3853166491
3853465375
3853465976
3853652957
3853794999
3854237041
3854376338
3854496143
3854530385
3854658929
3854864214
3855201976
3855201983
3857586497
3857666297
3857850261
3858538634
3858559100
3858675765
3858990297
3862135047
3862135085
3862135582
3862135679
3862135925
3862136199
3862193191
3862193242
3862193270
3862193417
3862193645
3862193670
3862193692
3862193826
3862193953
3862219530
3862221651
3862419735
3862419818
3862613130
3862613136
3862613210
3862613260
3862613864
3862613923
3862671736
3862672136
3862705594
3862707826
3862710984
3862805110
3863060549
3863103110
3863199816
3863248202
3863278602
3863475649
3863489857
3863496980
3863577343
3863667168
3863673158
3863709158
3863786124
3863811318
3863821032
3863880261
3863880687
3863900088
3864459118
3864574820
3864877206
3865005160
3865005605
3865157978
3865158272
3865248955
3865293135
3865304309
3865758347
3865906445
3866593016
3866593637
3866618627
3866618905
3866660239
3866740754
3866787223
3866788028
3866939648
3866959051
3866959438
3867530645
3867666082
3867748850
3867756052
3867769091
3867894958
3867895447
3868337548
3868456919
3868459179
3868559741
3868559835
3868559935
3868661606
3868663173
3868668641
3868782395
3868809319
3868996250
3869689079
3869689754
3869852791
3869854996
4012033296
4012108443
4012143348
4012149473
4012372927
4012380727
4012465978
4012525314
4012679858
4012838455
4012854365
4012891407
4012960159
4013042593
4013127729
4013242718
4013350591
4013375687
4013425197
4013425839
4013426868
4013581666
4013630359
4013647536
4013668462
4013851582
4013852012
4013852115
4013852433
4013854230
4013854681
4013959216
4014044450
4014155465
4014165662
4014272275
4014722876
4015467995
4015614675
4015637137
4015671146
4015898642
4015898902
4015913220
4016107911
4016202488
4016587038
4016784453
4016784869
4016785257
4016940429
4017462316
4017534464
4017536650
4017562370
4017680245
4017992344
4018047546
4018294342
4018303890
4018542002
4018551672
4018673101
4018952370
4019247838
4022028829
4022182603
4022190708
4022197384
4022235929
4022425131
4022521115
4022521308
4022671931
4022956549
4023037628
4023125330
4023276824
4023289780
4023681555
4023681981
4023763296
4023819904
4023908505
4023962217
4024027831
4024079449
4024144731
4024329237
4024429466
4024547917
4024890826
4025124366
4025343905
4025410279
4025429000
4025646042
4025710983
4025886536
4025940674
4026060624
4026082596
4026095706
4026270696
4026350002
4026717229
4026825783
4026828139
4026921827
4027014490
4027034104
4027159518
4027189857
4027366313
4027424242
4027649722
4027716726
4027838390
4027925373
4028094370
4028148121
4028361682
4028364541
4028703037
4028763484
4029197952
4029260431
4029302580
4029758115
4029797925
4029868190
4034227384
4035287419
4035667406
4035694705
4036220916
4036992703
4037367362
4037650083
4038281058
4038663433
4042062985
4042071324
4042080653
4042203041
4042206205
4042207457
4042238442
4042251928
4042366153
4042516805
4042630586
4042796230
4043002873
4043018624
4043146465
4043500258
4043531965
4043620864
4043627451
4043713100
4043818981
4043822142
4043934976
4044244537
4044244571
4044451725
4044488473
4044625043
4044653674
4044929151
4045343082
4045343575
4045344495
4045346588
4045349546
4045378052
4045406960
4045660544
4045950765
4046182321
4046235568
4046454953
4046586666
4046675003
4046696845
4046820792
4046899797
4046952666
4046990148
4047262043
4047266050
4047267978
4047370472
4047597600
4047879718
4048013208
4048020722
4048064811
4048093709
4048125309
4048266238
4048553794
4048682512
4048912133
4048932751
4048935683
4048937987
4048978582
4049024692
4049053544
4049080537
4049136223
4049183051
4049187306
4049310350
4049473967
4049474417
4049522018
4049558404
4049655280
4049755468
4049811229
4049870426
4049960229
4049960279
4049966347
4049972573
4052129382
4052363881
4052396892
4052679366
4052831976
4052895312
4052921056
4052949325
4053001779
4053084385
4053205442
4053315804
4053362439
4053384937
4053423824
4053463954
4053604903
4053839410
4053839692
4054371043
4054445420
4054479993
4054616326
4055003698
4055040605
4055079960
4055162049
4055167210
4055261525
4055432961
4055482251
4055638364
4055640714
4055863820
4056162767
4056383917
4056842002
4057036166
4057253237
4057254023
4057546389
4057610788
4057766029
4057860492
4057865267
4057963199
4058067576
4058253276
4058421616
4058498790
4058677609
4058764004
4058838845
4058885092
4058920492
4058946464
4059143992
4059203683
4059458586
4059538478
4059538586
4059560045
4059560072
4059563833
4059572976
4059633836
4059729650
4059869496
4059989651
4062052920
4062056741
4062139965
4062160765
4062227037
4062470680
4062858127
4062952758
4062991369
4063064979
4063096781
4063121200
4063134581
4063134667
4063134718
4063242676
4063249257
4063617977
4063939274
4064127920
4064176564
4064345217
4064773368
4065060406
4065206639
4065206994
4066029160
4066029217
4066029344
4066081765
4066164115
4066309598
4066377939
4066436861
4066522189
4066969254
4067199412
4067439259
4067997193
4068129535
4068451296
4068639534
4069207606
4069571825
4069688302
4069688312
4069688835
4069689267
4069689985
4072035296
4072040628
4072170960
4072283269
4072308788
4072333026
4072357388
4072357395
4072357448
4072357453
4072586750
4072644068
4072644071
4072644074
4072644075
4072644077
4072644078
4072644080
4072644082
4072686093
4072788932
4072789842
4072870490
4072905468
4073003246
4073045272
4073162514
4073260366
4073377901
4073413833
4073491464
4073498162
4073558228
4073900271
4074012226
4074046193
4074047351
4074290102
4074294769
4074408120
4074420656
4074523913
4074666455
4074761386
4074881432
4074881819
4074995161
4075017355
4075354120
4075376751
4075377673
4075446101
4075446145
4075446266
4075494473
4075593288
4075728817
4075830190
4075830230
4075883605
4076027113
4076048912
4076098941
4076107501
4076138953
4076138960
4076138969
4076138970
4076138973
4076188137
4076301279
4076756640
4076790100
4076981364
4077142406
4077277771
4077490214
4077509599
4077529756
4077535432
4077549201
4077552027
4077628676
4077788829
4077830809
4077921965
4077922912
4077946387
4078181625
4078399942
4078656581
4078673701
4078935098
4079087642
4079173769
4079428326
4079466256
4079466261
4079466265
4079529839
4079556187
4079562535
4079604906
4079645744
4079745198
4079745397
4079824798
4079872197
4079931923
4082170227
4082986190
4083170889
4084047783
4084616484
4084792708
4085145559
4085210066
4085362074
4085405705
4085985529
4085994128
4086082744
4086205805
4086480700
4086482477
4086484836
4086590679
4086635314
4086695440
4086758699
4086763237
4086788953
4086843790
4086843973
4087038841
4087039150
4087215076
4087400359
4087402733
4087464720
4087729711
4087729722
4087865539
4087901802
4087999847
4088559502
4088995914
4089786666
4092031815
4092060015
4092067256
4092092697
4092315216
4092372535
4092455555
4092470700
4092688768
4092726563
4092752586
4092803899
4092883676
4092905886
4092927911
4092934391
4092977060
4092993907
4092995855
4092998991
4093366024
4093390183
4093411993
4093444576
4093449369
4093564298
4093992169
4094000786
4094025493
4094033235
4094104348
4094293561
4094442129
4094984279
4095009294
4095299427
4095484932
4096435001
4096833229
4096833701
4096971486
4097103798
4097232355
4097232758
4097236433
4097236459
4097466306
4097515805
4097617631
4097632818
4097860039
4097922530
4098124651
4098372355
4098921577
4099238394
4099271032
4099274464
4099460725
4099787857
4099819058
4099865659
4099993269
4102041064
4102133084
4102202248
4102377399
4102377788
4102616925
4103047835
4103080349
4103140275
4103140823
4103445836
4103447930
4103638828
4103644847
4103872083
4104019700
4104035290
4104057125
4104178752
4104252049
4104430001
4104494204
4104494220
4104745058
4104986570
4105050301
4105050678
4105050861
4105220521
4105414911
4105522012
4105590011
4105641959
4105870533
4105870967
4105873175
4105874265
4105874763
4105876330
4106046194
4106153629
4106182013
4106203622
4106427315
4106490086
4106732846
4106821232
4106835655
4106956906
4106984567
4107033165
4107090440
4107097806
4107099110
4107444810
4107523873
4107558610
4107563419
4107624143
4107803518
4107883735
4107896375
4108015749
4108343597
4108343637
4108345667
4108477346
4108496193
4108701586
4108757340
4109141551
4109196454
4109651234
4109878588
4109884344
4109884624
4109890496
4109951262
4122140164
4122148544
4122233621
4122246596
4122271704
4122350339
4122554196
4122651093
4122677261
4122851121
4122851794
4122931476
4122949933
4122975919
4123029084
4123079744
4123125306
4123148206
4123185509
4123680265
4123683322
4123873728
4123876074
4123999159
4124078102
4124109795
4124897757
4125333389
4125333494
4125364142
4125457539
4125540239
4125560457
4125569922
4125621624
4125771099
4125773716
4126592490
4126593688
4126625082
4126625682
4126625986
4126626002
4127026746
4127149824
4127158724
4127327287
4127430938
4127443342
4127467822
4127743804
4127744206
4127752408
4127903572
4127903573
4128063564
4128191028
4128261746
4128449084
4128516687
4128714283
4128875118
4128943314
4128943614
4128952807
4129109827
4129140757
4129270030
4129442519
4129819820
4129904011
4129961809
4132036639
4132099627
4132252816
4132283807
4132587182
4132758275
4132782602
4132798051
4132877378
4133002345
4133065183
4133098362
4133253324
4133388852
4133463927
4133615257
4133681606
4133704410
4133718481
4133855384
4134052457
4134212089
4134212339
4134212444
4134212594
4134212625
4134212639
4134212664
4134213107
4134213329
4134213445
4134214026
4134214101
4134214306
4134214460
4134214489
4134214641
4134342038
4134572309
4134574183
4134624627
4134640575
4134647215
4134647635
4134658104
4134758907
4134759112
4135101727
4135144668
4135243018
4135243224
4135243265
4135244101
4135244520
4135244655
4135362874
4135369486
4135496347
4135642384
4136011001
4136011061
4136011290
4136012295
4136012448
4136012526
4136013241
4136102222
4136138053
4136912577
4136932075
4137314802
4137402590
4137492301
4137685187
4137837519
4138536340
4138722901
4138840077
4139980338
4142001614
4142035198
4142389831
4142447339
4142463353
4142610592
4142615254
4142628070
4142760435
4142840207
4143382725
4143386599
4143463522
4143696440
4143776632
4143812009
4143817037
4143896737
4144000232
4144191014
4144243866
4144249386
4144372332
4144373979
4144374677
4144374723
4144375243
4144375427
4144375541
4144376372
4144378285
4144378305
4144378740
4144379802
4144487102
4144514817
4146627594
4146678707
4147100435
4147426095
4147426122
4147650446
4147652529
4147863706
4148159815
4148672105
4148737841
4148825232
4149147135
4149782861
4149796116
4149823418
4152230914
4152342298
4152404599
4153225070
4153225431
4153296367
4153490405
4153761875
4154046661
4154067556
4154182897
4154244435
4154835707
4154848305
4155499721
4155499783
4155627329
4155892388
4155896428
4155989724
4156858959
4157048537
4157155702
4157296632
4157380762
4157469861
4157541264
4157657470
4157797762
4158257214
4158257560
4158435274
4158530874
4158539337
4158914507
4159075329
4159358255
4159414647
4159658540
4159927230
4159972437
4162378851
4162730115
4163159410
4163547798
4163894650
4166093313
4167474179
4167880328
4169527546
4169961814
4172226490
4172277681
4172391221
4172483266
4172610654
4172754985
4172759008
4172901100
4173169332
4173378235
4173411722
4173413531
4173417357
4173667518
4173814029
4173949218
4174040784
4174049657
4174052983
4174333596
4174371585
4174444129
4174692602
4175001154
4175176300
4175212640
4175913766
4176509875
4176877721
4177086259
4177089592
4177202107
4177338410
4177428271
4177457317
4177510846
4177945743
4178040439
4178524687
4178553131
4178892815
4179333784
4179465893
4182390776
4183000791
4184632721
4184906697
4184942052
4184999673
4186739143
4186853312
4188351185
4192147901
4192371830
4192373919
4192378596
4192378816
4192525548
4192563268
4193010275
4193151747
4193159693
4193187418
4193227555
4193593820
4193593941
4193620024
4193625050
4193625058
4193625065
4193680604
4193682356
4193685581
4193751661
4193797479
4193861874
4194064048
4194167247
4194191644
4194262081
4194263346
4194264985
4194482295
4194562189
4194649137
4194940108
4195106947
4195164110
4195410985
4195471436
4195574145
4195673115
4195678162
4195791504
4195938156
4195941240
4196287596
4196288106
4196417019
4196711690
4196789964
4196799506
4196799625
4197128515
4197128783
4197128791
4197128959
4197186329
4197195215
4197230653
4197255411
4197319581
4197375631
4197679936
4197679942
4197711011
4197823472
4197868096
4197964256
4198222386
4198225959
4198378041
4198378459
4198562238
4198699448
4198977159
4199009344
4199129742
4199339748
4199518873
4199600098
4199693345
4199849144
4202805014
4232029399
4232090060
4232252350
4232255471
4232264218
4232282683
4232359653
4232364056
4232395806
4232602548
4232630813
4232735857
4232817280
4232888861
4232914339
4232990395
4233181887
4233263198
4233420317
4233486803
4233540175
4233555902
4233710673
4233726932
4233745321
4233774353
4233796822
4233932351
4233932997
4233972706
4233973077
4234013026
4234013172
4234016729
4234017170
4234028729
4234172384
4234194326
4234418212
4234440985
4234514193
4234516203
4234644388
4234665061
4234813169
4234819807
4234975195
4235072033
4235185417
4235307929
4235380155
4235673924
4235887746
4235976976
4235977827
4235997540
4236214150
4236214185
4236214545
4236214608
4236215331
4236215370
4236215909
4236218482
4236270802
4236270943
4236272142
4236275709
4236275882
4236276112
4236276468
4236279279
4236504525
4236577011
4236625428
4236661108
4236711840
4236743168
4236904797
4236964832
4236965997
4236981881
4237039095
4237160539
4237176496
4237198436
4237220700
4237229405
4237284035
4237344534
4237344610
4237591992
4237612737
4237852248
4238062991
4238153652
4238185933
4238222465
4238534067
4238556800
4238719356
4238732240
4238738606
4239301384
4239605841
4239798764
4239874260
4239998205
4242036985
4242816263
4243205910
4243682267
4244204599
4244418953
4244443811
4244449828
4244511930
4244721195
4244721728
4244874390
4244880714
4245007143
4245397379
4245469356
4245663412
4246257104
4247666594
4248424834
4252254339
4252952945
4253293831
4253338125
4253367736
4253670663
4253675669
4253703029
4253746656
4253768877
4253836071
4253847523
4253863629
4253865009
4254004261
4254055110
4254093200
4254217773
4254218551
4254262337
4254352713
4254376092
4254529050
4254583090
4254583601
4254857218
4254906102
4255025239
4255138584
4255147163
4255167172
4255191835
4255311049
4255377338
4255378189
4255536853
4255582223
4255587160
4255588118
4255588467
4255589298
4255600352
4255647663
4255809358
4255842356
4256000630
4256064189
4256084225
4256207559
4256388968
4256446506
4256542445
4256666106
4256666973
4256719335
4256893913
4256904280
4256999959
4257228242
4257283450
4257385170
4257468231
4257489103
4257586986
4257804844
4257807833
4257913663
4258001219
4258001351
4258001449
4258001566
4258184202
4258317927
4258364427
4258378772
4258425843
4258450891
4258803751
4258807130
4258927878
4259000067
4259178452
4259288699
4259289592
4259527870
4259557962
4259569218
4259625103
4259959516
4298738389
4302000130
4302135391
4302435304
4302568465
4302577607
4302577611
4302633052
4302705613
4302726945
4303079414
4303184848
4303223555
4303470987
4303882847
4303990573
4304005343
4304315759
4305004233
4306258090
4307467921
4307777063
4308374118
4308999087
4313064285
4313735336
4315000935
4317757541
4318045074
4322044618
4322164536
4322738384
4322777520
4323190296
4323192227
4324362377
4324654346
4325227092
4325582799
4325583988
4325585141
4325841163
4325862153
4325864549
4326030953
4327585454
4327771353
4327885379
4327885940
4328372957
4342103081
4342103702
4342103704
4342140154
4342156715
4342156740
4342157132
4342157197
4342230151
4342230334
4342236657
4342237117
4342239351
4342239966
4342254132
4342254178
4342349310
4342412009
4342445745
4342460023
4342460462
4342460793
4342521467
4342529019
4342529107
4342529508
4342529698
4342529957
4342550552
4342569451
4342569722
4342631486
4342631544
4342631619
4342631936
4342632069
4342632581
4342633152
4342637008
4342660798
4342733592
4342735409
4342750905
4342751804
4342752740
4342877173
4342877179
4342878012
4342886741
4342927458
4342973711
4343080160
4343080578
4343080590
4343080789
4343081114
4343081425
4343081905
4343083196
4343084364
4343084404
4343084451
4343085950
4343086073
4343086367
4343087952
4343089147
4343120395
4343176587
4343178451
4343228320
4343228438
4343228492
4343228786
4343228863
4343228968
4343228990
4343236837
4343370534
4343370535
4343453272
4343600359
4343639606
4343652107
4343652139
4343652364
4343652754
4343652847
4343738435
4343738856
4343771930
4343911486
4344062301
4344248701
4344308597
4344604900
4344766346
4344780247
4344835498
4344993384
4344993607
4344997574
4344999930
4345121088
4345124216
4345124846
4345127076
4345129682
4345723019
4345771179
4345890966
4345911445
4345920103
4345920283
4345920402
4345921170
4345921236
4345921294
4345921636
4345924309
4345951311
4345951754
4345951884
4346234048
4346857984
4346865309
4346950580
4346958397
4346961229
4346968041
4347298108
4347299183
4347361254
4347361257
4347361410
4347365986
4347462554
4347716506
4347889167
4347891410
4347895046
4348003566
4348121036
4348121155
4348121358
4348121581
4348121855
4348181792
4348184190
4348184209
4348186015
4348186455
4348359025
4348383835
4348429375
4348823375
4348884154
4348884624
4348884846
4348884974
4349456937
4349466685
4349484047
4349660404
4349741174
4349781508
4349900561
4349957097
4349957301
4349957350
4349957409
4349957547
4349957626
4349957680
4349957879
4349989763
4352417610
4352549964
4352556867
4352650188
4352657497
4352812334
4352886439
4352927980
4352961332
4352969114
4353510778
4354184155
4354223882
4355383695
4355578497
4355793023
4356000372
4356583179
4356738569
4356819731
4357552801
4357776076
4358003449
4358327408
4358361125
4358840140
4358966329
4359320142
4373320929
4373599787
4377472383
4388802529
4402190287
4402306779
4402596287
4402597195
4402764755
4402800569
4402801941
4402895566
4402900150
4402941940
4402970750
4402971715
4402979517
4402988654
4403152551
4403160210
4403160245
4403160613
4403160734
4403161238
4403161357
4403161583
4403161789
4403161827
4403162687
4403164104
4403164643
4403190711
4403252164
4403322906
4403358871
4403403014
4403591395
4403597122
4403599038
4403694628
4403695767
4403788596
4403874491
4403889632
4403965136
4403984567
4403996594
4404204376
4404204426
4404343563
4404673347
4404673391
4404673491
4404673947
4404673957
4404674193
4404674237
4404674423
4404674767
4404674909
4404674957
4404901242
4404901846
4404918077
4405348160
4405381891
4405442602
4405442663
4405443592
4405445325
4405445729
4405445820
4405487174
4405737041
4405864743
4405955369
4405964195
4406003853
4406010505
4406237409
4406359940
4406400383
4406466474
4406717996
4406726129
4406737573
4406892478
4407010336
4407031016
4407031017
4407171151
4407283644
4407663214
4407666171
4407862777
4407863170
4407973563
4408158090
4408202999
4408223194
4408243361
4408674828
4408726476
4408726495
4408726497
4408871459
4408899576
4408983764
4409655606
4409666801
4409777242
4409846088
4422054272
4422060188
4422449116
4422614140
4422785212
4423210366
4423567638
4424550553
4424774585
4426678916
4426777576
4427999519
4432273420
4432273580
4432276222
4432276357
4432276458
4432278467
4432304228
4432310803
4432322196
4432341578
4432388999
4432412417
4432420282
4432511218
4432569814
4432744492
4432915446
4432960475
4432960996
4433000828
4433121909
4433121915
4433206490
4433280471
4433315062
4433327389
4433419492
4433454582
4433841430
4433900099
4433901618
4433919425
4433941872
4433991363
4434100775
4434451691
4434522141
4434647801
4434647806
4434724645
4434898896
4434922746
4434956354
4434969780
4434986801
4435012960
4435497952
4435639509
4435701180
4435720879
4435966993
4436201841
4436266618
4436274849
4436364877
4436378073
4436418921
4436511207
4436579143
4436588595
4436591839
4436619523
4437025235
4437076996
4437202907
4437317518
4437476388
4437476621
4437476984
4437552739
4437557070
4437557674
4437764635
4437828573
4439091129
4439824928
4452017564
4452040855
4452047663
4452077224
4452122041
4452583987
4452705062
4453161346
4453167709
4453171619
4453173670
4454476051
4455293201
4455452504
4472004839
4472075918
4474002003
4479107480
4482047140
4482163860
4482170028
4482334304
4482929247
4483340920
4484427894
4484498227
4484498681
4484499793
4489009364
4489997826
4502954135
4503056458
4504401692
4505295891
4505338256
4506121182
4506214046
4509276286
4576857043
4582217300
4582368628
4582464969
4582545921
4582614577
4582721429
4583007553
4583074203
4587776954
4632457306
4632559813
4632910461
4632985970
4633002049
4633031347
4633142296
4634261385
4634267636
4635299468
4636348784
4637776952
4638425960
4639008374
4642000388
4642353485
4642353750
4642374477
4642375874
4644000784
4644004510
4646000016
4646006920
4647778421
4649999863
4692011855
4692012494
4692013234
4692052481
4692069680
4692081755
4692106772
4692175001
4692183967
4692288036
4692323436
4692382659
4692577523
4692578086
4692579017
4692622801
4692653248
4692683547
4692683561
4692706294
4692708079
4692785855
4692910421
4693064824
4693147283
4693278834
4693335335
4693336814
4693344956
4693532916
4693597760
4693788119
4693842108
4693930380
4693938098
4693938979
4694020681
4694107217
4694132932
4694205443
4694243033
4694296415
4694310890
4694447349
4694522009
4694555409
4694587549
4694606226
4694615405
4694710777
4694814072
4694963997
4694982349
4695166509
4695293389
4695297037
4695305524
4695363588
4695430645
4695477165
4695641963
4695681265
4695689529
4695689952
4695794850
4695911606
4695958692
4696128541
4696140174
4696144751
4696202942
4696295265
4696422925
4696473169
4696480410
4696483318
4696484816
4696597358
4696730933
4696743059
4696769078
4696897354
4696971676
4696999257
4697014362
4697081658
4697082730
4697086946
4697170600
4697820658
4697863339
4697868762
4697886310
4697970120
4698043281
4698046259
4698133583
4698179286
4698280118
4698377851
4698444897
4698468731
4698512104
4698571369
4698842209
4698886805
4698886973
4698942701
4699075942
4699104710
4699127087
4699301412
4699301423
4699402749
4699412733
4699479108
4699481508
4699572936
4699720035
4699740478
4699825000
4699825001
4699825002
4699825003
4699825004
4699825005
4699825006
4699825007
4699825009
4699913889
4702000892
4702205148
4702205269
4702428344
4702796650
4702836458
4702847207
4702935298
4702935317
4703183129
4703183616
4703239501
4703299014
4703299411
4703299723
4703299728
4703396180
4703397491
4703399179
4703419303
4703443832
4704006788
4704217308
4704318199
4704318391
4704318938
4704319665
4704319908
4704336325
4704469394
4704586509
4704586864
4704667177
4704681204
4704686606
4704749302
4704924687
4704925429
4704977614
4705002646
4705003047
4705004560
4705175417
4705362534
4705363515
4705363577
4705411196
4705460906
4705480641
4705522010
4705527618
4705527699
4705528644
4705657221
4705682539
4705705508
4705812809
4705920314
4705929335
4706197166
4706197215
4706197670
4706198679
4706233931
4706234377
4706234461
4706256422
4706289536
4706452962
4706495329
4706610377
4706610414
4706655583
4706660264
4706683331
4706719289
4706719354
4706719830
4706719835
4706728341
4706801989
4706867306
4706890756
4706891460
4706976078
4706976903
4706979581
4706979694
4707209016
4707209422
4707209983
4707392066
4707392079
4707394490
4707419279
4707419351
4707419511
4707419642
4707429194
4707429560
4707429754
4707434135
4707434226
4707434257
4707434626
4707434857
4707434955
4707482904
4707504918
4707529652
4707549633
4707549941
4707568369
4707582319
4707629892
4707649012
4707649097
4707649340
4707649962
4707664191
4707664740
4707809006
4707809010
4707809204
4707809441
4707809478
4707809610
4707809751
4707809986
4707819477
4707908628
4707908782
4707909104
4707909606
4707909629
4707909754
4707909790
4707979662
4707979696
4707979712
4707979817
4708044133
4708049774
4708055169
4708265991
4708490354
4708537061
4708734091
4708750903
4708756341
4708766058
4709216478
4709284492
4709289720
4709313747
4709327795
4709645117
4709645118
4709880316
4709880411
4709880429
4709953862
4709957736
4722121996
4722408561
4722530300
4722728672
4722728918
4722729194
4723003331
4723003361
4723003377
4723003667
4723004221
4723004294
4723005080
4723005183
4723005325
4723005346
4723005478
4723005497
4752007931
4752153734
4752210973
4752212663
4752356042
4752437884
4752514440
4752600929
4752723607
4752803155
4753035565
4753041398
4753126501
4753149370
4753149394
4753149844
4753357052
4753569394
4753569770
4753576865
4753576867
4753576869
4753576879
4753576881
4753576884
4753576885
4753576890
4753583200
4753662869
4753813026
4753827178
4753828643
4753829624
4753860975
4753875500
4753875512
4753881857
4754225134
4755007297
4756735093
4758888358
4758888614
4759463429
4759773778
4759779696
4782161095
4782380648
4782381932
4782387085
4782423062
4782761907
4783102858
4783311723
4783370908
4783404728
4783404739
4783517121
4783517176
4783519144
4783534294
4783686968
4783687530
4783687694
4784031752
4784191674
4784499978
4784669525
4785425204
4785426448
4785426556
4785426745
4785511759
4785598613
4786060712
4786724746
4786992554
4787218621
4787830801
4788224365
4792263360
4792274261
4792381760
4792387979
4792389291
4792726852
4792787495
4792831968
4792900947
4793012175
4793215286
4793226999
4793391472
4793465233
4793493806
4793514317
4793545278
4793601893
4793644793
4793657479
4793784382
4793784396
4793784410
4793801520
4793838753
4794071039
4794071939
4794215755
4794296822
4794298359
4794395986
4794474566
4794475631
4794701839
4794705624
4794777904
4794982637
4795089232
4795213707
4795254185
4795254459
4795255135
4795255463
4795255569
4795874351
4796321932
4796374284
4796475853
4796530135
4796671964
4796675240
4797179655
4797462514
4797692946
4797779240
4798020770
4798677310
4798808072
4799037805
4799358060
4799689129
4799810984
4802147062
4802404212
4802437758
4802564068
4802828553
4803050216
4803107188
4803231329
4803577453
4803914828
4804015461
4804033195
4804037301
4804346325
4804486172
4804982307
4804984363
4804984675
4804985302
4804995635
4805240990
4805259194
4805266126
4805424675
4805425033
4805426019
4805457319
4805503219
4805611541
4805816662
4806272846
4806518341
4806549278
4806600296
4806725727
4806745819
4806809951
4806950107
4806967828
4807160641
4807164433
4807183475
4807255498
4807396272
4807413510
4807448013
4807449792
4807612371
4807613991
4807870602
4807907861
4808005336
4808054716
4808059217
4808084794
4808427041
4808476459
4808651762
4808662494
4808666836
4808677224
4808779943
4808809010
4809008644
4809032725
4809144523
4809261738
4809435365
4809435934
4809435961
4809435965
4809435974
4809445047
4809448965
4809570173
4809776701
4842031274
4842032856
4842033532
4842059574
4842091334
4842100714
4842100914
4842102169
4842124754
4842126554
4842187851
4842187854
4842188102
4842188948
4842273953
4842331864
4842331902
4842438596
4842460935
4842479303
4842603012
4842759072
4842759736
4842893181
4843136555
4843161220
4843286308
4843562388
4843678424
4843807745
4843892406
4843982789
4844031887
4844045370
4844045851
4844045965
4844047553
4844047763
4844086393
4844617058
4844810520
4844812655
4844818801
4844819712
4844888788
4844889760
4845181755
4845181988
4845470762
4845700625
4845891447
4846613663
4846697855
4846738829
4846825704
4846874474
4847140166
4847159015
4847296712
4847502606
4847611048
4848067520
4848317870
4848341678
4848344463
4848346973
4848483471
4848503698
4848871218
4848871576
4848871628
4848871644
4848872579
4848872849
4848873545
4848873617
4848876855
4849607628
4849617018
4849622893
4849647709
4849647781
4849648597
4849648742
4849685795
4849685972
4849719974
4849728563
4849847970
4849900717
4849903950
4849905933
4927214977
4942156292
5012329232
5012482107
5012482133
5012483256
5012512154
5012857765
5012874653
5012895350
5012940181
5013162815
5013162983
5013164970
5013198531
5013550269
5013550291
5013559351
5013559419
5013971131
5013979119
5014173706
5014277101
5014299124
5014310425
5014410804
5014413314
5014517955
5014569843
5014593439
5014843072
5014955959
5015004976
5015160990
5015285095
5015479358
5015598091
5015598282
5015715906
5015767130
5015767213
5015767278
5015767439
5015767542
5015767585
5015767628
5015854563
5015940375
5015964771
5017258143
5017258316
5017721273
5017818017
5017818043
5017818348
5017818378
5017818438
5017818557
5017818688
5017987822
5017999504
5017999975
5018257539
5018875385
5018878649
5019151501
5019221869
5019463763
5019467829
5019786982
5019911897
5019997799
5022005156
5022005165
5022005457
5022005554
5022005659
5022005728
5022008259
5022091540
5022349613
5022349994
5022367118
5022367420
5022368186
5022420034
5022504809
5022524162
5022578869
5022603068
5022603725
5022733112
5022734316
5022736217
5022736270
5022738028
5022763532
5022773062
5022773091
5022774127
5022775109
5022862106
5022899731
5022935993
5022947654
5023045540
5023048479
5023060238
5023179772
5023227089
5023230871
5023231738
5023242423
5023344260
5023347109
5023347197
5023349539
5023434468
5023529404
5023582469
5023583051
5023583115
5023624512
5023832164
5023836226
5023846585
5023904609
5023908135
5023908352
5023908601
5023909002
5023909422
5023909526
5023909605
5023967281
5023990474
5024028551
5024315239
5024324450
5024444362
5024444720
5024533044
5024533067
5024533077
5024533162
5024533351
5024533392
5024533410
5024533608
5024536057
5024536208
5024536230
5024536384
5024536510
5024537032
5024537066
5024537097
5024537152
5024537385
5024537408
5024623119
5024623454
5024624186
5024625197
5024626145
5024628070
5024628354
5024654024
5024654261
5024669955
5024694057
5024694060
5024694189
5024694317
5024694330
5024694349
5024694486
5024699027
5024699113
5024699370
5024699510
5024760053
5024800103
5024800281
5024800551
5024800571
5024800620
5024800647
5024801575
5024824061
5024826071
5024827031
5024832904
5024882929
5024926015
5024972875
5025132006
5025132085
5025132187
5025132286
5025132608
5025182261
5025202612
5025239354
5025242144
5025418035
5025467845
5025638967
5025640806
5025644050
5025654977
5025799250
5025842863
5026175731
5026227450
5026283590
5026285520
5026398833
5026426163
5026609724
5026610137
5026610243
5026681404
5026742684
5026785122
5026888028
5027030748
5027031414
5027146317
5027195880
5027549921
5027571817
5027600133
5027617250
5027722917
5027834730
5027845636
5027879607
5027880645
5027987303
5028067682
5028242650
5028245738
5028338754
5028424812
5028583458
5028616052
5028620073
5028621361
5028621737
5028622542
5028622846
5028623062
5028623475
5028623873
5028624249
5028624325
5028625433
5028626283
5028626856
5028796056
5028796572
5028797157
5028797328
5029005860
5029328084
5029476997
5029665052
5029666443
5029668008
5029669758
5029777172
5029777204
5029777294
5032255490
5032290182
5032460588
5032507014
5032784496
5032860487
5033341214
5033454507
5033454508
5033454517
5033609298
5033609882
5033766852
5033821686
5033860942
5034367151
5034367160
5034367197
5034477846
5034658600
5034791055
5034791901
5034794387
5034794702
5034794912
5034797111
5034798914
5034835628
5035122134
5035156710
5035235321
5035399924
5035438167
5035929135
5036639906
5037660121
5037665903
5038095964
5038325986
5038525348
5038555485
5038711489
5038826775
5038898270
5039076804
5039463608
5039665520
5039803434
5042036570
5042062419
5042382604
5042597777
5042760785
5042899374
5043024052
5043181108
5043236903
5043242995
5043324783
5043407779
5043716424
5043832599
5043953141
5043958205
5044149520
5044179250
5044431051
5044440593
5044456831
5044920198
5044964507
5045045059
5045410197
5045664137
5045783655
5046084356
5046888034
5048323989
5048622935
5049102422
5049628012
5052188068
5052215050
5052215073
5052331451
5052426475
5052530593
5052530598
5052628231
5052957997
5053029058
5053052969
5053054130
5053371673
5053657750
5053853951
5053862954
5053878707
5053906583
5053933713
5053959987
5054071139
5054206952
5054241566
5054298394
5054336634
5054475884
5054518035
5054574034
5054706377
5054817055
5054850256
5055167786
5055963883
5056003593
5056223769
5056633015
5056666035
5056756049
5056777702
5057056801
5057155997
5057183443
5057327147
5057445400
5057983123
5058769365
5058864103
5059000957
5059296116
5059797497
5059797916
5059799464
5059864696
5063151481
5063338261
5065186433
5065539757
5066992387
5067600732
5068170466
5069060461
5072005998
5072016858
5072084715
5072840525
5073201278
5073669356
5075240585
5076016989
5076933727
5077731014
5078160065
5078707391
5079069904
5079652027
5082043250
5082050478
5082334391
5083017763
5083018225
5083153375
5083165039
5083173392
5083447983
5083709870
5084030793
5084194205
5084194657
5084194947
5084434836
5084599582
5084649738
5084694142
5084694146
5084994469
5085049161
5085190671
5086138957
5086199217
5087196299
5087209141
5087220930
5087948236
5088129684
5088608703
5088975500
5089386037
5089777189
5092147396
5092155076
5092155079
5092307271
5092377719
5092395665
5092408539
5093098808
5093290079
5093485850
5093485856
5093501282
5093568181
5093745000
5094181572
5094923321
5094948233
5095032285
5095037308
5095124916
5095371526
5095573973
5096061849
5096992384
5097313688
5098554983
5098931294
5099059134
5099059613
5099210072
5099261345
5099444436
5102013592
5102014074
5102408898
5102480009
5102543156
5102793117
5102842077
5102888911
5102888922
5103405810
5103534624
5103707579
5103867338
5104392968
5104476224
5104706477
5104722215
5104738437
5104796473
5105022389
5105096355
5105140360
5105192010
5105363467
5105377675
5105704727
5105904511
5106065734
5106067203
5106067226
5106068232
5106096468
5106096554
5106213947
5106261586
5106711963
5106948825
5107267386
5107360001
5108002218
5108043250
5109378955
5109777907
5122016093
5122016840
5122272891
5122347877
5122404324
5122547111
5122548934
5122622785
5122623168
5122623264
5122734121
5122763461
5122853770
5122956048
5122958514
5122982352
5123529699
5123556805
5123614077
5123683157
5123689805
5123748557
5123771744
5123930099
5124053201
5124170959
5124462084
5124568045
5124893893
5125142032
5125282395
5125284297
5125318816
5125408549
5125472925
5125473874
5125474088
5125516135
5125683533
5125704078
5125721288
5125721872
5125754676
5125832600
5125862179
5125917023
5125928195
5126108264
5126217675
5126388246
5126462970
5126687662
5126731335
5126780689
5126882634
5127205240
5127213671
5127217134
5127373024
5127374996
5127388721
5127462199
5127540994
5127689859
5128227490
5128287945
5128466787
5128526436
5128566395
5128576438
5128620087
5128666150
5128685348
5128722565
5128762032
5128762310
5128762322
5128762826
5128806686
5128809755
5128814019
5128818157
5128845022
5128850986
5128864019
5128874798
5128880317
5128936138
5128936652
5129003239
5129004370
5129201881
5129319081
5129911099
5129940652
5132061554
5132471134
5132478179
5132838215
5133121558
5133182898
5133309235
5133345942
5133353966
5133703117
5133800521
5133807102
5133807594
5133808005
5133809275
5133809311
5133950258
5133950267
5134222735
5134297750
5134506259
5134507372
5134509605
5134725092
5134948505
5134971982
5135062126
5135063023
5135069219
5135132332
5135133047
5135198282
5135255945
5135481686
5135864820
5136058690
5136536549
5136544653
5136546883
5136948230
5136961920
5137076998
5137407867
5137470727
5137472752
5137636157
5137666893
5137699348
5137751634
5137967358
5138050593
5138084692
5138122289
5138292800
5138302883
5138312600
5138374125
5138374752
5138379471
5138404986
5138457563
5138476425
5138482025
5138483040
5138483828
5138621123
5138670115
5138671177
5138750503
5139143034
5139217680
5139311111
5139491237
5139494305
5139497169
5139497536
5139545767
5139643892
5139942067
5139958479
5139965201
5139985143
5142684555
5142738449
5143945617
5144054948
5144107185
5146169453
5146362229
5147284904
5147506512
5147572502
5147612504
5148282926
5152141220
5152165510
5152196014
5152212556
5152220775
5152367581
5152369424
5152369601
5152369859
5152431391
5152434459
5152512578
5152708093
5152784777
5152939086
5152998179
5153207161
5153297392
5153479660
5153679679
5153770399
5153795071
5153819596
5154011658
5154257037
5154365637
5154620977
5154811990
5154896955
5154956330
5154984645
5155134715
5155134775
5155135125
5155135149
5155135486
5155161713
5155180151
5155265658
5155299592
5155314694
5155326621
5155823424
5156027192
5156045160
5156059057
5156392868
5156506532
5156630704
5156677598
5156856372
5157063391
5157580717
5157667229
5159721372
5159923361
5162000497
5162010737
5162034111
5162036206
5162092529
5162121033
5162176434
5162264038
5162506761
5162521511
5162698833
5162720864
5163184869
5163443472
5163443798
5163638903
5163866598
5163883451
5163885231
5164093162
5164507526
5164756869
5165031426
5165290465
5165309707
5165318318
5165402933
5165405766
5165496052
5165589100
5165593297
5165847888
5165855562
5165860634
5165875401
5165875621
5165879980
5165897834
5166068987
5166203434
5166223167
5166315490
5166462728
5166464091
5166548801
5166730728
5166891520
5166892242
5166969044
5167168986
5167748365
5167768479
5167776961
5167844070
5167844221
5167844265
5167888584
5167928744
5168146372
5168206103
5168463442
5168467072
5168709236
5168823233
5168940064
5169165347
5169171874
5169293183
5169408429
5169613895
5169799291
5169903191
5172089419
5172252739
5172344681
5172391289
5172613588
5172613835
5172746675
5172918321
5172988943
5173019051
5173178182
5173342732
5173432120
5173522318
5173569423
5173617156
5173702261
5173702902
5174014725
5174095541
5174439731
5174686603
5175007627
5175073292
5175401457
5175536370
5175536429
5176241401
5176663209
5176952102
5176978025
5177584125
5177988914
5178363697
5178903652
5179243161
5179326102
5179408667
5179848486
5179941234
5182195872
5182425007
5182473649
5182473909
5182475601
5182479291
5183046338
5183151228
5183230159
5183331215
5183331682
5183446888
5183529993
5183634523
5184071214
5184093085
5184305690
5184687280
5184788667
5184888844
5184972802
5185014480
5185130646
5185209211
5185328834
5185356503
5185356548
5185395793
5185411911
5185411926
5185518314
5185543232
5185546599
5185546716
5185546989
5185549948
5185585131
5185638000
5185662020
5186107010
5186127254
5186173308
5186201173
5186212105
5186287301
5186287402
5186340817
5186527935
5186559254
5186559610
5186570336
5186572244
5186572559
5186572970
5186575668
5186628167
5186721620
5186752104
5186759876
5186895846
5187145716
5187147362
5187190095
5187202416
5187217212
5187282861
5187309171
5187400476
5187406746
5187407804
5187409457
5187409647
5187491969
5187572162
5187575536
5187599424
5187599573
5187599842
5187687488
5187704378
5187709668
5187770650
5187771072
5187771664
5187773593
5187774277
5187774306
5187775292
5187775688
5187776598
5187779198
5188001336
5188195102
5188195812
5188387650
5188391456
5188401182
5188406615
5188514337
5188614788
5188715368
5188716410
5188716548
5188717595
5188896272
5188970909
5189358333
5189362870
5189365541
5189461138
5189539940
5189839701
5189932693
5192916203
5193689662
5194206430
5198367556
5198453376
5202018742
5202053404
5202166541
5202226007
5202308014
5202314679
5202317187
5202317409
5202317689
5202317829
5202690545
5202772479
5202774238
5202887567
5202887760
5203050395
5203172637
5203341859
5203344390
5203344811
5203349571
5203379653
5203396275
5203410764
5203418636
5203632543
5203644273
5203673555
5203763324
5203850303
5203958073
5204026002
5204139598
5204160467
5204201651
5204358387
5204364078
5204389829
5204420484
5204423355
5204458222
5204621668
5204644440
5204734464
5204822636
5204922953
5205145779
5205214778
5205214781
5205214785
5205214789
5205218426
5205274008
5205276339
5205302085
5205303876
5205379173
5205403161
5205403728
5205415241
5205438852
5205520891
5205522874
5205575106
5205575439
5205575564
5205575644
5205575960
5205698568
5205816445
5205816667
5205832592
5205836399
5205836434
5205836544
5205906253
5205906419
5205906554
5205906687
5205909489
5205909612
5205932762
5205934780
5205934951
5205939062
5206061155
5206076169
5206076528
5206076621
5206076768
5206088210
5206089420
5206089436
5206089479
5206089562
5206089908
5206149339
5206149420
5206149469
5206149914
5206149936
5206149954
5206168517
5206309171
5206309193
5206309450
5206309886
5206411852
5206416187
5206528302
5206528560
5206528926
5206528941
5206529042
5206529374
5206529931
5206569142
5206569553
5206569730
5206569989
5206576034
5206576043
5206576120
5206576409
5206576528
5206576594
5206586465
5206597071
5206597168
5206914145
5206928414
5206998245
5207020859
5207023893
5207027433
5207027689
5207027741
5207027814
5207027929
5207027959
5207029221
5207029425
5207029701
5207439734
5207702413
5207728007
5207728328
5207728696
5207729211
5207729651
5207729836
5207729889
5208039135
5208125464
5208272179
5208394506
5208448538
5208781572
5208961330
5209100373
5209948407
5302032274
5302041594
5302123683
5302311492
5302458677
5302552125
5302872125
5302896091
5303168081
5303229457
5303281096
5303345891
5303488024
5303853706
5303893622
5303897065
5304106369
5304138385
5304289930
5304289933
5304313515
5304463378
5304569648
5304633540
5305079203
5305474681
5305654516
5305792801
5305996929
5306538168
5306538358
5307124119
5307289232
5307479434
5307720902
5307742038
5307848018
5307877676
5308167080
5308604026
5308871028
5309486785
5309486917
5309488906
5312008831
5312061818
5312231754
5312242967
5312358097
5312471134
5312478152
5312582718
5312921549
5313003989
5313485979
5314003852
5318670115
5318670125
5318670778
5318671177
5318671211
5342031734
5342129531
5342341777
5343003568
5343334607
5346006940
5392003224
5392532207
5392823009
5393047035
5393348210
5395251643
5395357968
5395499463
5397338208
5398004209
5399811365
5402026880
5402101237
5402181987
5402272070
5402276874
5402367082
5402381032
5402402436
5402481275
5402594745
5402693404
5402770425
5402778470
5402818015
5402818791
5402910010
5402990274
5402990512
5402999165
5402999307
5403023313
5403067436
5403202738
5403220281
5403260779
5403294022
5403298739
5403367017
5403370990
5403393261
5403393487
5403401741
5403412401
5403600941
5403657702
5403746142
5403746903
5403860467
5403869372
5403869528
5403869836
5403999814
5404020328
5404064083
5404076412
5404076695
5404092493
5404092665
5404092775
5404092905
5404124252
5404179566
5404230279
5404230429
5404239082
5404262639
5404262643
5404262665
5404262679
5404262860
5404285048
5404313707
5404340700
5404525794
5404526415
5404527116
5404527169
5404527170
5404718024
5404720139
5404720523
5404727031
5404727213
5404727770
5404727854
5404728062
5404728103
5404728917
5404728963
5404729074
5404729648
5404729886
5404867012
5405070148
5405070160
5405070553
5405070840
5405070964
5405079150
5405088701
5405099284
5405152834
5405340548
5405348019
5405354790
5405460397
5405460824
5405464880
5405480805
5405481237
5405483138
5405484767
5405487775
5405621638
5405658471
5405658569
5405658621
5405699021
5405727682
5405967237
5406032865
5406033099
5406145983
5406176206
5406188545
5406190677
5406190946
5406283617
5406317079
5406352389
5406445427
5406445855
5406777549
5406777560
5406794748
5406806891
5406818089
5406818090
5406818099
5406818101
5406818107
5406818113
5406818117
5406818126
5406818133
5406818137
5406818142
5406818175
5406818181
5406818185
5406818243
5407075938
5407082216
5407082813
5407083842
5407180123
5407378591
5407386741
5407403133
5407426173
5407516024
5407516244
5407516254
5407597179
5407597824
5407681321
5407730424
5407730686
5407751972
5407782849
5407833667
5407865175
5407907134
5407917384
5407941078
5407941692
5407941841
5407968914
5408033432
5408514162
5408584610
5408832175
5408832867
5408892131
5408931513
5408931955
5409201611
5409221384
5409249831
5409375273
5409437180
5409478107
5409630719
5409798779
5409815587
5409815807
5409920577
5409977951
5412142325
5412493663
5412554432
5412750086
5413483572
5413750658
5414029958
5414077921
5414135384
5414157716
5414544155
5414853242
5415021780
5415667480
5415888716
5415927948
5416866873
5418464097
5418725869
5419205298
5512013270
5512310612
5512335579
5512346188
5512366477
5512459119
5512533625
5512669894
5512677032
5512680065
5512782164
5512783106
5512784211
5512843660
5512926488
5512966351
5512967468
5512970285
5512970564
5512970616
5512970839
5512996113
5513030889
5513047980
5513080886
5513108479
5513134164
5513205908
5513274803
5513472602
5513517209
5513543017
5513569264
5513608388
5513628465
5513632906
5513695294
5513697686
5513723868
5513734632
5513734633
5513745927
5513747343
5513748879
5513772401
5513872836
5513880269
5514006852
5514034852
5514034897
5514034911
5514236997
5515520852
5516008204
5517588195
5519463966
5519469108
5572097751
5574672078
5575007362
5592287123
5592342699
5592722844
5592728350
5592769569
5593375657
5593383572
5593435739
5593454788
5593459845
5593540049
5593703741
5593705383
5593820786
5594013957
5594239649
5594241148
5594848079
5595241852
5595313534
5595450582
5595578191
5596661637
5596663245
5597128609
5597150143
5597150782
5597381589
5597580050
5597637523
5597955391
5599270604
5599339633
5599429674
5599463269
5599548565
5612080835
5612107247
5612167004
5612317084
5612443927
5612508910
5612570344
5612634884
5612691505
5612700405
5612700858
5612701412
5612704658
5612706385
5612706856
5612708813
5612739496
5612904865
5612950127
5613176302
5613185232
5613415988
5613499084
5613499235
5613655835
5613750144
5613750669
5613768090
5613961012
5613961181
5613961427
5613961550
5613961857
5613961969
5613962129
5613962339
5613962507
5614014357
5614090186
5614370814
5614372129
5614372954
5614435683
5614509610
5614622518
5614675607
5614846051
5614897363
5615034826
5615189746
5615365031
5615449700
5615592125
5615593909
5615593965
5615698817
5615712116
5615849985
5615890965
5615893223
5615897311
5616000991
5616063722
5616063741
5616120221
5616219908
5616234932
5616509388
5616789021
5616931466
5616934169
5616965359
5617173549
5617173587
5617173610
5617250630
5617261268
5617261278
5617268623
5617351485
5617450191
5617490519
5617633548
5617638190
5617655975
5617656541
5617707561
5617714618
5617834555
5617868389
5617940685
5617943328
5618070277
5618078576
5618234724
5618313449
5618344196
5618346504
5618348814
5618373718
5618373823
5618425659
5618464844
5618464901
5618484900
5618541944
5618541979
5618580362
5618590315
5618612264
5618616577
5618616597
5618618353
5618618392
5618671680
5618675153
5618719979
5618785385
5618785387
5618785554
5618785625
5618788288
5618799991
5618893120
5618921213
5618949212
5618958683
5618996537
5619023769
5619093598
5619289385
5619346283
5619536597
5619565858
5619567923
5619603553
5619603579
5619628826
5619732545
5619734513
5619834553
5619836156
5619922322
5619925834
5619950834
5619956999
5619958970
5622505179
5622958237
5623152431
5623532618
5624144452
5624158490
5624421080
5624421956
5624529144
5624731056
5625125763
5625266828
5625348102
5625349205
5625485672
5625538957
5625704302
5625743803
5626640490
5627094724
5627456830
5628422378
5628509494
5628706880
5629553784
5632140078
5632243767
5632736739
5632791855
5632839911
5632878118
5633061571
5633394195
5633552383
5633709745
5633883214
5634000725
5635000814
5635509473
5635597429
5635695866
5635940081
5635940958
5635946265
5635946543
5635946723
5635946886
5636000408
5636000464
5636005783
5636639045
5636873189
5637667928
5637771882
5637772640
5637773941
5637774515
5637775715
5637777125
5638938062
5639009683
5639997884
5639998413
5642000428
5642013060
5642060052
5642063738
5642155517
5642167191
5642202609
5642218776
5642252392
5643970237
5644446093
5648889972
5649995372
5672005399
5672022467
5672394723
5672450332
5672457454
5673052889
5673054827
5673133323
5673239408
5673239412
5673239906
5673568342
5673714106
5673804967
5674081611
5674406358
5674529974
5674555800
5674836612
5675299527
5675608993
5675762298
5675778197
5676770740
5676999291
5677999314
5695200989
5702065392
5702155688
5702271613
5702603003
5702636563
5702765087
5703307897
5703332473
5703332662
5703339811
5703417677
5703495906
5703596635
5703632160
5703653079
5703750003
5703787265
5703807805
5704192289
5704255250
5704255482
5704257841
5704385685
5704433286
5704536045
5704586754
5704629763
5704735761
5704835713
5705354595
5705389658
5705433992
5705457598
5705543928
5705651274
5705915463
5705915559
5705951457
5706186679
5706534527
5706613607
5706746904
5706860328
5706868079
5706939045
5707018807
5707019552
5707140780
5707553636
5707621125
5707708519
5707737203
5707838314
5707919760
5708499719
5708753513
5708827209
5709009923
5709649518
5709833507
5712023161
5712027919
5712055472
5712078748
5712100253
5712164019
5712297808
5712400816
5712402043
5712492852
5712790464
5712932365
5713141420
5713219360
5713226678
5713227079
5713472625
5713588980
5713634085
5713852686
5713909184
5714035614
5714037456
5714160337
5714481012
5714503977
5714504077
5714634914
5714639364
5714795660
5714913115
5714913592
5714929947
5714933730
5715004576
5715037152
5715066964
5715204085
5715206952
5715209291
5715320018
5715561839
5715701036
5715709436
5715717110
5715717125
5715760938
5715795481
5715864700
5715864837
5715865959
5715866121
5715867141
5715966529
5715973367
5716006714
5716259894
5716272655
5716368202
5716553874
5716670891
5716697753
5716714828
5716730769
5716971985
5717014731
5717026991
5717031607
5717031608
5717163640
5717163987
5717204131
5717399013
5717408873
5717500295
5717570307
5717712464
5717811945
5717866503
5718354811
5718770936
5718888355
5719317555
5719771566
5722100756
5722239243
5723003217
5725006824
5725298203
5725298605
5725298938
5728679483
5729008173
5729008603
5729997193
5732026215
5732063464
5732105968
5732337480
5732672924
5732732864
5732795245
5732813955
5732904870
5732975428
5733149830
5733198043
5733251654
5733438097
5733620407
5733648129
5733980689
5734444610
5734874143
5734966157
5735154352
5735273034
5735449368
5735566279
5735740124
5735833291
5735907042
5735935875
5736064100
5736386500
5736727029
5736965040
5737314221
5737324274
5737565578
5737586533
5737609318
5737702337
5738002117
5738368253
5738370556
5738464689
5738470312
5739000615
5739081953
5739088080
5739100237
5739130922
5739323367
5739402301
5739650328
5739666552
5739922310
5739945326
5742000655
5742002479
5742061895
5742137867
5742141819
5742216594
5742227205
5742287494
5742449029
5742494999
5742497497
5742497983
5742627173
5742629221
5742673070
5742902804
5742927807
5742949927
5743318317
5743460331
5743478911
5743499739
5743956088
5743978934
5743979007
5743979514
5744067946
5744282727
5744573611
5744575731
5744653746
5744655904
5745750535
5746008419
5746356813
5746431955
5746526854
5746630415
5747011250
5747737116
5747979197
5748079814
5748342818
5748570819
5748751415
5748881571
5748885122
5748895057
5748912387
5748926370
5749318432
5749900900
5752013647
5752053357
5752054350
5752080057
5752109467
5752132598
5752150307
5752321349
5752506297
5752532817
5752564881
5752660929
5752757980
5752795157
5753204867
5753209259
5753827180
5754044867
5754260506
5754843622
5755416587
5755503990
5755508628
5755520455
5755735347
5756354724
5756591105
5757468547
5757812171
5758002087
5759005193
5759562707
5792066766
5792523216
5792529270
5799967226
5802074697
5802105971
5802179167
5802244756
5802298208
5802465325
5802468606
5802471475
5802601836
5802648916
5802750691
5803076712
5803301237
5803312782
5803506343
5803873136
5803961835
5804028680
5804418591
5804462126
5804488833
5805094582
5805358805
5805404745
5805409234
5806912828
5807529912
5807564847
5808950794
5809206829
5809207309
5809331684
5809494961
5809693538
5817829606
5822190838
5824000548
5825220611
5825293261
5826006380
5828000364
5829999128
5829999627
5852158671
5852524206
5852526766
5852526776
5853043040
5853167659
5853435406
5853600786
5853763525
5853804072
5853860899
5854059840
5854453586
5854783473
5855080925
5855159716
5855167893
5855409986
5855635987
5855984167
5856392159
5859400078
5859900530
5859900861
5862045822
5862073768
5862109419
5862254942
5862256502
5862262237
5862312488
5862312646
5862312678
5862501947
5862512829
5862572168
5862582782
5862613460
5862670623
5862754342
5862846429
5862847474
5862901649
5863027077
5863042856
5863394166
5863407409
5863419689
5863456778
5863494902
5863582798
5864000137
5864860118
5864880413
5865517552
5865547518
5865717568
5865821140
5866006451
5866008640
5866255171
5866367559
5866841405
5867423875
5867899504
5868007480
5868422075
5868508645
5868843213
5873086141
5874064692
5874400811
5875864718
5876691890
5876982677
5878757182
5879179323
5879274263
5879778389
6012020790
6012021025
6012058540
6012105996
6012554255
6012620652
6012819335
6012900862
6012996766
6013747249
6013747856
6013747943
6013871803
6014018323
6014192968
6014206100
6014385270
6014394465
6014534849
6015310161
6015396896
6015515684
6015573999
6015730794
6016025691
6016233658
6016415591
6016421561
6016439695
6016474210
6016748032
6017089753
6017210662
6017315151
6017566843
6017814456
6017994606
6018690708
6018729282
6018766625
6018978262
6019193902
6019802515
6022774111
6022938170
6022976315
6023059921
6023252056
6023395031
6023836310
6023898020
6023912064
6024048774
6024280087
6024631614
6024974379
6025045768
6025155122
6025363670
6025377438
6025391235
6025600967
6025606697
6025622026
6025720867
6025840388
6026035831
6026054246
6026067503
6026129305
6026617135
6026712216
6026714207
6026890433
6026937815
6026939579
6027169338
6027531175
6027725195
6028069301
6028074063
6028331253
6028367047
6028385985
6028420614
6028445783
6028477160
6028544481
6028548555
6028572244
6028636699
6028777071
6028808477
6028969041
6029037054
6032121107
6032179361
6032579023
6032579035
6032623137
6032886001
6032927469
6033092900
6033108356
6033108461
6033242846
6033801985
6034025050
6034025051
6034415065
6034419971
6034440408
6034455126
6034511398
6034755073
6035064666
6035099530
6035508951
6035704474
6035919564
6036184166
6036194721
6036256500
6036981657
6037044043
6037306896
6037349615
6037666449
6037698150
6038253609
6038466349
6042884549
6043015373
6046289868
6047387430
6048025799
6048026332
6049016428
6049320673
6049397273
6052055109
6052509046
6052509645
6052527025
6052527045
6052527216
6052687510
6052695395
6052733034
6052733058
6052733062
6052733064
6052772035
6052772056
6053155105
6053414414
6053913875
6055405029
6056053921
6056058426
6056079084
6056102586
6056637082
6057770125
6058538166
6058657569
6059510494
6062036447
6062216495
6062217168
6062227233
6062497673
6062896835
6064002074
6064361511
6064716289
6064765680
6064786371
6065311950
6066010686
6066586157
6067076010
6067120010
6067320327
6067660268
6067723840
6067723873
6068008984
6068799187
6068954368
6072002876
6072036388
6072039518
6072043938
6072099268
6072131363
6072131376
6072145017
6072363220
6072436338
6072647133
6072882844
6072925968
6073072758
6073647033
6073647315
6073832496
6073842192
6074002996
6074639672
6074682034
6074683122
6074683176
6074686913
6074687121
6075235547
6075263698
6075454184
6076178802
6076380447
6076575220
6076678394
6077060857
6079464521
6079888644
6082160935
6082505344
6082695008
6082983492
6083179704
6083273243
6083273810
6083304318
6083674589
6084005575
6084058536
6084236317
6084608204
6084675634
6084774092
6085005634
6085183185
6085183253
6085183578
6085239914
6085256473
6085279784
6085292419
6085402261
6085469053
6085544673
6085578251
6085657997
6085819568
6085839894
6085839911
6086073745
6086319383
6086351960
6086352002
6086353556
6086354705
6086642062
6086664027
6086664881
6086671327
6086976847
6087070011
6087253310
6087258572
6087267969
6087467017
6088388258
6088689174
6088690235
6088709215
6088710069
6088756527
6088800249
6088800644
6088800912
6089892510
6089955210
6089977108
6089977629
6089977681
6092016772
6092019999
6092072001
6092100025
6092124354
6092156017
6092156808
6092362791
6092362854
6092427027
6092509819
6092567515
6092950540
6092950589
6092950687
6093039427
6093186161
6093426002
6093588823
6093588898
6093602619
6093781000
6093792226
6094222858
6094223059
6094223084
6094223658
6094223756
6094223817
6094229981
6094231523
6094236494
6094294714
6094295948
6094296491
6094349739
6094458545
6094460802
6094513347
6094747036
6094747525
6094747618
6094781978
6094827189
6094837023
6094938210
6094953184
6095034040
6095153517
6095266202
6095266532
6095437456
6095438087
6095446188
6095462410
6095466340
6095596095
6095643690
6095662003
6095942022
6095989521
6096269406
6096324736
6096327094
6096327730
6096334060
6096373210
6096397197
6096446108
6096578838
6096626033
6096626043
6096632901
6096843008
6096920043
6096922535
6097158807
6097282332
6097401529
6097663968
6097869046
6097955109
6097962788
6097988869
6098001848
6098009724
6098090883
6098124204
6098170662
6098299929
6098319515
6098319751
6098320515
6098320965
6098371006
6098533062
6098576153
6098576985
6098578347
6098578505
6098578770
6098578878
6098818613
6099018755
6099018806
6099019356
6099019803
6099041473
6099041511
6099049159
6099049701
6099082032
6099139397
6099139923
6099148189
6099343245
6099388451
6099388781
6099388783
6099569013
6099717956
6099813028
6099825141
6099825197
6099968383
6102009489
6102058024
6102065732
6102066357
6102067335
6102142771
6102159503
6102220807
6102223162
6102271542
6102277167
6102290846
6102366283
6102366492
6102458603
6102492720
6102588761
6102603832
6102715678
6102843924
6102948498
6102992043
6103217653
6103217675
6103300389
6103300436
6103301236
6103301394
6103301626
6103303309
6103304068
6103305813
6103306885
6103308785
6103308820
6103309580
6103350497
6103587300
6103645623
6103676916
6104191695
6104217848
6104233219
6104244382
6104267522
6104272479
6104385600
6104403390
6104406928
6104494231
6104529669
6104630705
6104714193
6104744100
6104778703
6104801334
6104808190
6104809809
6104843036
6104845345
6104917114
6104987188
6105028396
6105084493
6105105902
6105288524
6105345822
6105402378
6105429360
6105452951
6105454568
6105466494
6105466749
6105482270
6105695786
6105723002
6105754107
6105843628
6105967827
6105969461
6106020957
6106044573
6106107181
6106156479
6106191620
6106211582
6106261100
6106282876
6106285836
6106325042
6106416751
6106418820
6106432703
6106477002
6106523563
6106524256
6106764350
6106842484
6107028365
6107057464
6107098725
6107194694
6107291297
6107357658
6107387239
6107448703
6107499239
6107508520
6107509863
6107531718
6107539316
6107571433
6107717309
6107722469
6107821660
6107880228
6108012058
6108208862
6108257128
6108276672
6108277244
6108351791
6108355072
6108358955
6108387263
6108405437
6108478888
6108500273
6108604535
6108685122
6108756612
6108794542
6108834599
6108835004
6108835317
6108907108
6109009027
6109009066
6109009387
6109151264
6109165892
6109222889
6109414134
6109424380
6109427764
6109471594
6109474798
6109673925
6109674227
6109675178
6109681726
6109818039
6109827461
6109838710
6109888670
6109923013
6109986120
6122346689
6122498336
6122542920
6122546040
6122610943
6122793021
6122793034
6122793267
6122793485
6123456578
6123456860
6123538157
6123547283
6124043016
6124051260
6124055578
6124163302
6124163649
6124166619
6124459965
6124465722
6124480603
6124532541
6124650963
6124730187
6124731113
6124734609
6124745361
6124824481
6124842351
6124842943
6124842947
6124856997
6124884633
6124887208
6124887360
6124888209
6125009459
6125038456
6125090410
6125092154
6125242696
6125871842
6126423466
6126655192
6126655326
6126655618
6126655854
6128153924
6128155872
6128218923
6128240023
6128955227
6129463130
6133263554
6133327758
6133443309
6135419061
6135457536
6136500066
6136647509
6138627755
6138909324
6142030831
6142105520
6142109356
6142127555
6142355556
6142452503
6142459759
6142546858
6142856919
6143211524
6143249538
6143356577
6143444371
6143473384
6143507746
6143567428
6143636402
6143663764
6143888148
6143967523
6144057504
6144227575
6144291252
6144394222
6144489707
6144587549
6144755781
6144859456
6144932222
6145008579
6145021676
6145041643
6145046020
6145080249
6145248527
6145360419
6145753041
6145754112
6145759273
6145773871
6146003030
6146003423
6146049341
6146076493
6146357534
6146475884
6146543540
6146569860
6146595807
6146632089
6146656286
6146666176
6146753071
6146899828
6146972712
6147075180
6147080061
6147080312
6147080439
6147146444
6147160997
6147164550
6147215472
6147293000
6147296079
6147391109
6147582317
6147582325
6147582356
6147880713
6148028903
6148122914
6148193784
6148208196
6148368193
6148459095
6148494397
6148741168
6148741497
6148748015
6148748290
6148771564
6148776167
6148779488
6148791925
6148792892
6148878501
6148970267
6149082112
6149175463
6149189112
6149248622
6149549077
6149577887
6149600605
6149605880
6149639119
6149679785
6149925834
6149965927
6152007427
6152291952
6152296185
6152460270
6152468000
6152570299
6152576312
6152852129
6152852734
6152889614
6153022916
6153023143
6153073371
6153078461
6153262499
6153316898
6153560664
6153753849
6153877000
6154134488
6154204258
6154209794
6154221605
6154313170
6154391720
6154881774
6154885860
6155173698
6155173787
6155335958
6155421364
6155432669
6155460543
6155479984
6155499444
6155596552
6155719138
6155922671
6156488937
6156496737
6156547812
6156547820
6156698193
6156766250
6156784563
6156901633
6156941659
6157038625
6157048321
6157062350
6157194675
6157196164
6157228530
6157247907
6157249679
6157283456
6157285805
6157287845
6157321769
6157956314
6158135435
6158362150
6158428775
6158456895
6158639376
6158825217
6158951273
6159056538
6159083905
6159093613
6159248572
6159248788
6159303402
6159336592
6159530831
6159653424
6159861787
6159884690
6162026357
6162083393
6162083861
6162089114
6162094598
6162180645
6162266701
6162298449
6162298501
6162513718
6162521500
6162521600
6162527200
6162568308
6162682567
6162758788
6162775181
6163009598
6163019956
6163033141
6163061207
6163074548
6163171403
6163266520
6163302518
6163417851
6163426022
6163430030
6163463053
6163589435
6163595263
6163622617
6163741293
6163760233
6163760292
6163760324
6163763348
6163796843
6163944336
6164000280
6164004699
6164163717
6164209357
6164393097
6164653150
6165850546
6166000981
6166470234
6166494501
6166858760
6167267836
6167371432
6167840588
6167979717
6167997173
6168052824
6168194650
6168713877
6169295154
6169526325
6169948062
6172590513
6172727430
6172841967
6172868602
6173095769
6173203663
6173218305
6173341786
6173373042
6174023269
6174193762
6174428800
6174870727
6175000915
6175054245
6175469372
6176043316
6176348775
6176577213
6176577311
6176577615
6176589058
6176740332
6176754444
6176911750
6177167070
6177895436
6177896004
6178294839
6178557675
6178573168
6178573273
6178573487
6178573646
6178574040
6178574061
6178574266
6178574423
6178574461
6178575230
6178575656
6178616229
6178624736
6179030961
6179126104
6179255731
6179259259
6179350459
6179412981
6179583923
6179808009
6179917475
6182058405
6182266733
6182270236
6182270472
6182300441
6182390311
6182415089
6182708639
6182787992
6182789009
6183058956
6183231289
6183531429
6183855213
6184033096
6184130029
6184130298
6184149198
6184240607
6184240800
6184321436
6184328552
6184505687
6184546408
6185018437
6185018613
6185018731
6185059224
6185371312
6185488997
6185564670
6185599911
6185640271
6186141247
6186577525
6187108342
6187108840
6187109652
6187109930
6187178354
6187179074
6187179125
6187179556
6187296501
6187358683
6187380185
6188573380
6188579211
6188666039
6188830386
6188873631
6189084317
6189555907
6189561434
6189832007
6189958218
6192020461
6192020463
6192028323
6192330658
6192573844
6192708080
6193047030
6193267239
6193291329
6193300981
6193309627
6193331231
6193335702
6193566765
6193574415
6193674595
6193754592
6193755844
6196371327
6196634934
6196956560
6197213789
6197228627
6197310686
6197359062
6197373761
6197454046
6197809381
6197809943
6197840489
6197840574
6197933391
6198246412
6198252700
6198371057
6198371625
6198411678
6198534319
6198536130
6198801656
6198881149
6199147961
6199233027
6199233199
6199248950
6199327534
6199327798
6199350898
6199373483
6199391332
6199392658
6199492195
6199752334
6199753025
6199755852
6202010715
6202026231
6202079145
6202079172
6202079237
6202421724
6202583650
6202589641
6202620268
6202872163
6202978812
6203024348
6203378108
6204001929
6204062851
6204645792
6204660645
6204779028
6204779838
6204779915
6204812506
6205120511
6205571840
6206043598
6207746745
6207767481
6207774019
6207774967
6207775697
6208001821
6208221354
6208288841
6208477293
6208899322
6208899771
6209272940
6209292956
6209426150
6209455418
6209455701
6209696183
6209966151
6209966594
6209988903
6232141957
6232147296
6232304187
6232387178
6232414978
6232438794
6232523482
6232576695
6232596749
6232636219
6232645620
6232656247
6232698335
6232702988
6232706453
6232707429
6232812476
6232813454
6232832112
6232890358
6232926843
6232941087
6232952863
6233095529
6233095872
6233274450
6233339630
6233352901
6233436907
6233524786
6233529402
6233529406
6234014776
6234327824
6234392924
6234404924
6234450425
6234627106
6234654310
6234691828
6234715318
6234780193
6234922770
6235160729
6235228508
6235228951
6235362794
6235379598
6235446075
6236000803
6236240746
6236883469
6236967403
6237382922
6237383306
6237772873
6238484600
6238489319
6238666963
6238692603
6238723725
6238732931
6238734801
6238775598
6239005352
6239744794
6262759704
6263130785
6263520295
6263730556
6263874553
6264043385
6264455352
6264619796
6264657906
6264701174
6264918924
6265177872
6265213748
6265404262
6265482674
6265514558
6265569914
6266638454
6267025569
6267071241
6267075309
6267402041
6267454550
6267610588
6267766698
6267777471
6267906610
6268294682
6268294750
6268777833
6268788569
6268789127
6268789246
6268808468
6268856773
6269213820
6269955376
6269966841
6282017751
6282080026
6282080341
6282159856
6282166467
6282511537
6282542125
6282615926
6282806814
6282892580
6283037648
6283065220
6283161270
6283162489
6283164546
6283863988
6284329808
6287268189
6292065687
6292232207
6292536055
6292667630
6292814200
6292881720
6293021457
6293563239
6293567936
6293569243
6295005074
6295293546
6295293862
6295670803
6296253225
6298774890
6298775029
6299353841
6299660412
6302168172
6302775309
6302820723
6303135343
6303226377
6303319034
6303329121
6303329897
6303358624
6303440152
6303454266
6303494876
6303497315
6303520591
6303661916
6303803760
6303817073
6303866511
6303946248
6304057549
6304102960
6304250642
6304250649
6304252758
6304383301
6304631039
6304631261
6304631297
6304733915
6304928358
6305172817
6305213514
6305238452
6305261252
6305280442
6305349807
6305425435
6305456301
6305456304
6305456313
6305663432
6305675925
6305806941
6305920617
6305920957
6306264175
6306319237
6306714206
6306798084
6307573219
6307578969
6307865973
6307883837
6308127727
6308181469
6308396050
6308550311
6308918518
6308959276
6309015463
6309147121
6309311551
6309347367
6309528677
6309915717
6312025331
6312025458
6312039255
6312039922
6312129105
6312134629
6312153613
6312473133
6312485884
6312500625
6312536788
6312571416
6312669658
6312685410
6312923204
6312923439
6313024616
6313028262
6313073317
6313073905
6313095057
6313101383
6313131933
6313154153
6313263053
6313263167
6313503534
6313503562
6313585955
6314006759
6314375162
6314594687
6314777930
6315003083
6315003243
6315003371
6315003405
6315068453
6315128677
6315255119
6315459784
6315572173
6315629293
6315711934
6315735369
6315735425
6315995493
6315995786
6316008891
6316074763
6316122207
6316333023
6316342947
6316391887
6316462058
6316596145
6316596150
6316596169
6316596189
6316596280
6316596292
6316596435
6316596459
6316596522
6316599147
6316599345
6316599637
6316599799
6316599860
6316745536
6317171807
6317236410
6317314092
6317352063
6317433784
6317630504
6317634102
6317634195
6318005771
6318036234
6318322441
6318322599
6318377116
6318377431
6318377436
6318584515
6318685321
6318956584
6319311064
6319311332
6319311359
6319392858
6319739892
6319934826
6319939790
6319960733
6346000804
6362042039
6362133356
6362160718
6362163304
6362242341
6362263930
6362343231
6362673595
6362684311
6362684321
6362686025
6362689012
6362736982
6362777096
6363234514
6363242226
6363245436
6363414513
6363463318
6363479309
6363641112
6363696269
6363924913
6364000627
6364000657
6364005831
6364008589
6364051570
6364074368
6364255101
6364319061
6364969946
6365750676
6366609658
6367244616
6367354542
6395710451
6397140472
6398446551
6398890401
6399042998
6402035287
6402079271
6402324282
6402393459
6402430753
6402430763
6402794661
6402987955
6406009950
6408374052
6408374423
6408882527
6408884525
6408885645
6409994021
6409994599
6409998003
6409999050
6412125848
6412227516
6412383897
6412435383
6412602345
6413003261
6413003273
6413272148
6413281948
6413812238
6414004921
6415281187
6415306769
6416262191
6416262931
6416315871
6416555612
6417272381
6417272820
6417518133
6418003294
6418688306
6418882733
6418885735
6418887182
6419381981
6452027058
6452027059
6452027409
6452099403
6452132199
6452134739
6452193030
6452232432
6452310597
6452331839
6452433350
6452452669
6452452743
6452461567
6452472081
6452907320
6456451998
6462086724
6462092158
6462574500
6462617886
6462714043
6462742914
6462797144
6462875609
6463053362
6463143802
6463386917
6463490292
6463519822
6463726634
6463770795
6463808747
6463823235
6463823634
6463823958
6463842327
6463893972
6463896746
6464078085
6464080349
6464136185
6464253298
6464613583
6464757778
6465178386
6465351703
6465542534
6465582984
6465729685
6465767516
6465788313
6465788329
6465873884
6465997368
6466010473
6466010487
6466062860
6466099687
6466232830
6466321414
6466534249
6466578225
6466631660
6466791911
6466792891
6466797117
6466815970
6467220144
6467220287
6467274684
6467594021
6467620561
6467686045
6467791362
6467989618
6468256290
6468284768
6468490561
6468503362
6468634251
6468736620
6468760617
6469162545
6469207525
6469211504
6469215097
6469270552
6469339776
6469340213
6474763476
6474807780
6475859770
6478329502
6479091021
6502030000
6502041111
6502155258
6502155384
6502155634
6502155637
6502155638
6502155641
6502155642
6502155671
6502430344
6502470481
6502530000
6502626786
6502636119
6502640331
6502656786
6502730840
6502854992
6502932916
6503467236
6503820060
6504360199
6504589984
6504593925
6505252795
6505252891
6505296430
6505573482
6505632815
6505852300
6506067071
6506402433
6506587021
6506593343
6506732798
6506810248
6506838023
6507199063
6507788137
6508327861
6508827347
6509426350
6509622178
6512197096
6512378817
6512391221
6512405141
6512551000
6512655600
6512730795
6512829612
6512889825
6513138623
6513139016
6513143442
6513350904
6513490610
6513490785
6513689512
6513719684
6513775838
6513816929
6513834799
6513900725
6513957136
6514012653
6514092674
6514226368
6514269857
6514328056
6514519995
6514615611
6514618417
6515068384
6515151518
6515561962
6516503165
6518298671
6518374671
6518383504
6518672659
6518675839
6518888332
6519274804
6519770707
6519778176
6519778485
6519997761
6562052927
6562080846
6562160812
6562192427
6562197341
6562197477
6562204195
6562225058
6562225637
6562225904
6562285791
6562289256
6562370128
6562487453
6562509678
6562707114
6564004989
6564445820
6564449733
6565005088
6565005691
6565563064
6566667911
6566668420
6568008518
6568889375
6572027276
6572059199
6572201237
6572450797
6572451353
6572452347
6573007162
6573590540
6574271393
6576083322
6576128173
6576635682
6576668453
6576696383
6578006906
6578351518
6579666216
6579994797
6592045147
6592170795
6592180430
6592191801
6592350491
6592428757
6592841439
6593569297
6593569470
6594444107
6594448327
6595293369
6596588331
6596677997
6597667906
6598370162
6598992211
6602011116
6602391791
6602457058
6602662004
6603886070
6604382302
6604444887
6604445517
6604445812
6604447172
6605666243
6606238193
6606622047
6606722127
6606794321
6606996265
6607247637
6608280197
6609516848
6609644323
6612128021
6612158429
6612219827
6612304033
6612307908
6612457869
6612499243
6612610344
6613981239
6614433376
6614502978
6614512706
6614540251
6614649975
6615176197
6615285199
6615394804
6615512113
6616031868
6616144384
6616439159
6616514631
6616664778
6616861437
6616897205
6617310677
6617318631
6618444633
6618888869
6619346828
6622088163
6622218978
6622384015
6622424694
6623430474
6623596813
6624417054
6625003023
6625005828
6625461284
6625978206
6626764174
6628380100
6628504433
6628882632
6629202909
6629988206
6672022534
6672023804
6672023822
6672025351
6672026421
6672027426
6672027437
6672028604
6672394776
6672822403
6672918059
6672953088
6672965333
6673071085
6673269352
6673458288
6673458858
6673459932
6673459934
6673459965
6674060533
6674071207
6674255424
6677016555
6677063785
6677065517
6677065920
6677066309
6677066826
6677463029
6678024735
6678425255
6679109781
6679302853
6679302866
6679303072
6692330238
6692500377
6692732632
6692794204
6693105659
6693105700
6694654840
6782184415
6782506354
6782508549
6782540461
6782684502
6782705903
6782718247
6782743442
6782746138
6782802711
6783436911
6783450190
6783636131
6783684691
6783705305
6783973868
6783974224
6784086315
6784095798
6784480383
6784511231
6784706635
6784967776
6784982706
6785329295
6785353304
6786071198
6786471144
6786488712
6786619948
6786663571
6786678479
6786682447
6786697439
6786719529
6786721232
6786751951
6786811943
6786939882
6786939910
6786939922
6787372943
6787508175
6787714991
6787739314
6787805840
6788090630
6788107248
6788246491
6788353767
6788557979
6789025874
6789044418
6789132159
6789166574
6789279352
6789329781
6789405343
6789406884
6789482164
6789541090
6789674433
6789697842
6802245393
6802567713
6802567858
6802715890
6802750757
6803107055
6803145304
6803567062
6803567802
6803569392
6803842812
6803844370
6803889422
6806394361
6806394423
6806394574
6806600311
6807664702
6808999157
6809000000
6812010502
6812017858
6812032325
6812146062
6812168001
6812274351
6812345764
6812506252
6812888834
6813248882
6813249084
6813333413
6813371741
6813498032
6813509038
6813509477
6813621734
6814455520
6814555533
6814603689
6814777497
6815005179
6815005394
6815086274
6815299164
6816888538
6817999615
6817999668
6822048179
6822319206
6822321840
6822338614
6822384116
6822473988
6822545081
6822815368
6822818786
6822819940
6822819941
6822861759
6822867626
6823183032
6823388870
6823388970
6823392008
6823392022
6823425323
6823429892
6823486139
6823498198
6823699326
6823699609
6823702302
6823823109
6823826936
6823843708
6824004342
6824213313
6824430101
6824592589
6824679170
6824984215
6825588045
6825879115
6826225364
6826261155
6826889344
6826999645
6827160480
6827473460
6828461330
6828823453
6829777084
6862102360
6892329102
6892567858
6892572269
6892598180
6892624249
6892732136
6892837615
6892891338
6893000956
6893044901
6893048590
6893376237
6893424801
6893457052
6893487953
6893532578
6893665815
6893669251
6894005470
6894889887
6895005062
6895293925
6895299786
6899992711
6899997750
7012285472
7012899436
7012994152
7013006173
7013006192
7013006390
7013006451
7013006559
7013540562
7013540658
7013657095
7013657261
7013657435
7013657604
7013657665
7014154496
7014154643
7014154663
7014507460
7015061148
7015061298
7015157019
7015660245
7015789072
7017138440
7017797403
7017917992
7018012316
7018012369
7018029495
7018078137
7018082227
7018228607
7019414503
7019874737
7019909657
7022000656
7022614259
7022668047
7022931579
7023000234
7023557281
7023777852
7024069929
7024106315
7024256382
7024534158
7024534266
7024742531
7024758273
7025004544
7025146903
7025280160
7025291985
7025371015
7025604990
7025609883
7025703107
7025749389
7026054279
7026251330
7026377727
7026417205
7026421267
7026643726
7026648685
7027071177
7027090140
7027103960
7027272710
7027400215
7027609545
7027759231
7027769383
7027791134
7027830238
7027855922
7027999426
7028058487
7028335622
7028400624
7028431030
7028602111
7028607929
7028863161
7028872029
7028993873
7029015148
7029052654
7029053919
7029057133
7029057638
7029059864
7029060328
7029194672
7029364205
7029847556
7029889357
7032024083
7032027292
7032039683
7032062110
7032132986
7032133591
7032145721
7032146374
7032190845
7032195191
7032230709
7032307601
7032348825
7032359312
7032419625
7032502569
7032607686
7033034773
7033135015
7033174353
7033179338
7033322716
7033479034
7033483067
7033606178
7033647389
7033898360
7034145383
7034145989
7034147835
7034148452
7034230004
7034344622
7034347108
7034347150
7034348409
7034361084
7034524941
7034526011
7034540641
7034660472
7034689058
7034788333
7035031000
7035371490
7035584132
7035744509
7035768461
7035847914
7035944207
7035964868
7036190669
7036192766
7036195612
7036196746
7036196752
7036197385
7036349460
7036466630
7036509048
7036562890
7036569306
7036575432
7036577097
7036620911
7036621885
7036682283
7036729280
7036892149
7037053055
7037196728
7037445999
7037479358
7037540394
7037622328
7037831867
7037835010
7037940921
7038040859
7038041917
7038319614
7038422034
7038540215
7038548212
7038793431
7039101113
7039143917
7039362840
7039511115
7039561971
7039579629
7039705592
7039745955
7039771880
7039774262
7039930664
7039944779
7042002803
7042337669
7042356954
7042500099
7042510324
7042669891
7042756072
7042849421
7043072321
7043130201
7043155118
7043252197
7043252390
7043270032
7043275514
7043684539
7043858574
7043875138
7044031542
7044036137
7044638415
7044696661
7044696671
7044770215
7044825686
7044885047
7045200584
7045208917
7045209293
7045209627
7045384533
7045591997
7045612471
7045693283
7045869089
7046109043
7046109981
7046527436
7046620407
7046650118
7046725526
7046805892
7046815070
7046841585
7046995450
7047016727
7047020354
7047027330
7047029213
7047029373
7047029391
7047106784
7047274118
7047414979
7047460212
7047537675
7047556674
7047557978
7047646054
7047720082
7047783876
7047908623
7048002459
7048009284
7048009578
7048009675
7048027247
7048127872
7048264092
7048286475
7048390659
7048450405
7048598077
7048993062
7048993181
7049121219
7049548967
7049665893
7049667774
7049810531
7049812398
7049818990
7049905890
7052460731
7053054374
7053347711
7053572721
7062003669
7062224093
7062229752
7062309644
7062317033
7062519848
7062564903
7062627582
7062803761
7062932718
7063477058
7063494714
7063810309
7063813798
7063883058
7063954374
7064038402
7064154994
7064265251
7064835011
7064989112
7065052300
7065052545
7065416401
7065506091
7065541211
7065567478
7065673490
7066072131
7066207494
7066327742
7066423328
7066581122
7066640465
7067062457
7067252196
7067291653
7067339615
7067420813
7067849134
7068079793
7068087430
7068105446
7068205565
7068231854
7068643536
7068679655
7068679920
7068720019
7068834077
7068893700
7068982076
7069163908
7069188773
7069193728
7069254860
7069322457
7069433453
7069486504
7069531127
7069531972
7069532449
7069535677
7069538185
7069538503
7069606027
7069658378
7069798964
7069926787
7072305668
7072320768
7072320886
7072384484
7072440908
7072788965
7073168198
7073404208
7073478215
7074047098
7074047608
7074047630
7074047686
7074047943
7074062294
7074086048
7074086125
7074086244
7074086527
7074086696
7074086843
7074086923
7074379126
7074379497
7074379956
7075044222
7075814651
7075815689
7076024903
7076041265
7076041825
7076041895
7076041981
7076064426
7076067416
7076109188
7076179644
7076209665
7076209972
7076359317
7076359408
7076359670
7076632263
7076632286
7076632554
7076632702
7076632711
7076678164
7076678256
7076678475
7077051956
7077060890
7077064668
7077069762
7077072518
7077606902
7077974003
7078021865
7078021965
7078092023
7078106297
7078182709
7078358563
7078412138
7078434183
7078884217
7079799107
7079866962
7082028981
7082220400
7082239712
7082300453
7082300455
7082300474
7082300475
7082300476
7082300478
7082300479
7082300481
7082300482
7082300485
7082351581
7082432516
7082494462
7082558386
7082602084
7082604858
7082726826
7082736977
7082742443
7082744293
7082938611
7082980212
7082980319
7082980392
7082984150
7083040898
7083069603
7083160115
7083218081
7083284758
7083457339
7083845208
7083862229
7083978674
7084025866
7084027713
7084122611
7084128762
7084143884
7084195725
7084195733
7084195740
7084195964
7084322166
7084550906
7084772452
7084863728
7084934317
7084934769
7085084699
7085209856
7085265193
7085421000
7085502145
7085506553
7086341624
7086345731
7086530365
7086557873
7086600996
7086838755
7086866030
7087139396
7087139802
7087148220
7087148669
7087168306
7087168308
7087168636
7087168683
7087169384
7087169429
7087194774
7087194843
7087194920
7087194955
7087195543
7087195567
7087195665
7087221287
7087660485
7087863468
7087891296
7087891606
7087943518
7087943836
7087943842
7087978217
7087978847
7087978861
7087978887
7088038401
7088038726
7088038770
7088038814
7088039433
7088039602
7088039756
7088039759
7088039929
7088039937
7088039961
7088279987
7088453041
7088545886
7088549432
7088643395
7088643445
7088666947
7088740544
7088740921
7088740929
7088741054
7088741864
7088741979
7088856759
7088857785
7088889262
7088889295
7088889755
7088889763
7088969751
7089277687
7089608530
7092251576
7092553789
7093090930
7094007080
7095417586
7095471808
7096710131
7097719703
7098844954
7122129136
7122173764
7122214582
7122434682
7122509490
7122723891
7122726724
7122862230
7122930542
7122983632
7123089840
7123491005
7123724007
7123956291
7124266020
7124321294
7124322673
7124435309
7124473540
7124641816
7124761506
7124820235
7124822476
7124921709
7125139557
7125299358
7125299442
7125299748
7125444522
7125601464
7125608399
7125895855
7126349031
7126563905
7126565582
7126966041
7127426701
7127910628
7128333746
7128787109
7128883149
7128883310
7128884074
7128884642
7128885856
7129813891
7132028566
7132053819
7132288284
7132345021
7132579223
7132753348
7132811617
7133259469
7133475746
7133478304
7133521189
7133538639
7133576274
7133644372
7133664125
7133794588
7133795537
7133797901
7133960140
7134015868
7134052738
7134220658
7134334647
7134451034
7134452279
7134454838
7134458657
7134459466
7134459786
7134485114
7134742913
7134834071
7134877879
7134892013
7134932199
7135129784
7135161750
7135200381
7135432061
7135624376
7135653771
7135654885
7135657086
7135657101
7135657103
7135701804
7135702078
7135725554
7135741937
7135755404
7135799246
7135806661
7135884178
7135977203
7136002161
7136455618
7136541379
7137015601
7137154882
7137261330
7137339206
7137540780
7137984698
7138209661
7138213200
7138320387
7138480122
7138614008
7138654778
7138657022
7138657320
7138658161
7138659688
7138848784
7138926541
7139002520
7139134638
7139186612
7139201883
7139309012
7139309396
7139316609
7139323915
7139329393
7139362290
7139366309
7139466622
7139564886
7139654835
7139657385
7139659791
7139705204
7139848583
7142037683
7142101476
7142420253
7142852664
7143122095
7143122863
7143324307
7143648308
7143847858
7144063346
7144081270
7144090992
7144152104
7144526424
7144826313
7144927216
7144974327
7145515114
7145516216
7146165724
7146461562
7146531128
7146982982
7147018677
7147073260
7147074085
7147074160
7147108565
7147332578
7147332579
7147660725
7147823530
7148399854
7148448097
7148821492
7149002539
7149087481
7149237440
7149272203
7149273520
7149273855
7149274614
7149786775
7149944424
7152025725
7152133806
7152173233
7152215001
7152277969
7152279145
7152279369
7152295448
7152330041
7152334101
7152405526
7152863566
7152903984
7153040159
7153144513
7153155725
7153175154
7153220981
7153225068
7153317518
7153340519
7153376058
7153546553
7153725100
7153768472
7153784963
7153806010
7153821110
7153938829
7153983212
7154008588
7154021135
7154021182
7154062026
7154064782
7154074691
7154080449
7154183365
7154306918
7154366555
7154467365
7154524555
7154524741
7154525199
7154529415
7154529916
7154648949
7154653970
7154968581
7154968788
7155006176
7155169798
7155275621
7155275854
7155833690
7155883314
7156021440
7156106475
7156182368
7156433884
7156438817
7156460039
7156668069
7156668402
7156668570
7156859996
7156861391
7157023644
7157047418
7157075308
7157155298
7157163642
7157505937
7157641999
7157678029
7157877389
7158449995
7158644264
7158889374
7158984488
7158988646
7159627811
7162027876
7162038948
7162218332
7162225740
7162225741
7162267270
7162274213
7162372434
7162373261
7162378070
7162409067
7162456697
7162723012
7162729811
7162734217
7162795888
7162976779
7163156687
7163159303
7163305088
7163494634
7163562269
7164142681
7164143897
7164143997
7164151279
7164151391
7164157525
7164199912
7164551653
7164570253
7164867062
7165771894
7166102142
7166546635
7166824530
7167199617
7167425310
7167426380
7167762991
7167768251
7167826093
7167873167
7167888202
7169262533
7169420273
7169444533
7169617991
7169726048
7172001050
7172007403
7172048509
7172298847
7172629896
7172682351
7172686126
7172686947
7172883551
7173130522
7173136233
7173137550
7173137564
7173137565
7173139489
7173252542
7173262899
7173264461
7173268098
7173289023
7173344217
7173459161
7173518581
7173524354
7173563293
7173563512
7173563713
7173564270
7173698790
7174201711
7174274024
7174274025
7174275817
7174276992
7174836523
7174851624
7174854432
7174886833
7175003675
7175014615
7175029412
7175133468
7175160790
7175166547
7175255324
7175289236
7175651125
7175850222
7176049352
7176106343
7176136575
7176253443
7176255733
7176257116
7176672351
7176776728
7176878131
7176900103
7177150051
7177222259
7177312915
7177348432
7177455046
7177734678
7177752018
7177846402
7178719715
7178835302
7178895313
7179055318
7179055329
7179061360
7179104861
7179124196
7179155170
7179158531
7179931835
7179938244
7182492613
7183010966
7183030846
7183037699
7183134050
7183558286
7184125208
7184879587
7185040496
7185140948
7185409622
7185453276
7185692281
7185775352
7186167897
7186350388
7186682881
7186741414
7186824433
7187197521
7187224339
7187443750
7187509361
7188018736
7188141594
7188141660
7188141665
7188143480
7188145730
7188417826
7188720056
7188781363
7189254222
7189254395
7189521569
7189524696
7189888068
7192202945
7192237399
7192581224
7192589149
7192609217
7192727200
7192839202
7192984695
7192997878
7193090957
7193142134
7193143630
7193268015
7193280577
7193321849
7193424704
7193452012
7193539095
7193539139
7193595826
7193675827
7193704602
7193878739
7193982209
7194030028
7194081387
7194090477
7194198449
7194238248
7194337517
7194351514
7194672252
7194831990
7194878045
7194952673
7195175668
7195297166
7195315181
7195452902
7195454111
7195738801
7195746184
7195935800
7195955307
7196022772
7196195114
7196446435
7196531823
7196673166
7196736458
7196736992
7197246028
7197568706
7197734012
7198243223
7198247853
7198261201
7198426212
7198426581
7198815717
7199333040
7199346746
7199426660
7199426815
7199464931
7199688169
7199931494
7202043058
7202062792
7202153813
7202162354
7202350259
7202768568
7203220077
7203227017
7203392912
7203444104
7203474428
7203700964
7203834446
7203919477
7203995072
7204053950
7204081708
7204287572
7204329798
7204334510
7204339986
7204387060
7204392162
7204522378
7204871009
7205082155
7205085835
7205135692
7205754450
7205774982
7205806072
7205932421
7205938588
7206087089
7206130173
7206139178
7206156617
7206398377
7206472171
7206593011
7206730077
7206770346
7206773422
7206788876
7206790381
7206864816
7207196818
7207211967
7207213363
7207217309
7207217851
7207237669
7207402285
7207439072
7207454191
7207589349
7207600164
7207647784
7207649835
7207734122
7207838849
7207838970
7207839375
7207842832
7207902382
7208016510
7208019903
7208069279
7208076753
7208097802
7208163534
7208187242
7208188815
7208200951
7208259197
7208617759
7208617778
7208942163
7208949589
7209154463
7209159543
7209159743
7209386109
7209477788
7209526831
7209526874
7209542499
7209731350
7209781187
7209814196
7209913455
7209956486
7219322419
7235433640
7242011411
7242019647
7242306715
7242438366
7242508469
7242719697
7242894588
7243143061
7243161064
7243488083
7243508259
7243697055
7243868119
7244038431
7244038827
7244047440
7244105156
7244264312
7244369743
7244724202
7244730907
7244848097
7244905010
7245056384
7245926770
7246098251
7246818149
7247158005
7247310377
7247380256
7247802200
7247886161
7247886221
7247897946
7247985603
7247985971
7247985990
7248013229
7248235641
7248600143
7248642332
7248761119
7248885417
7249205187
7249206056
7249206929
7249421883
7249578242
7249936715
7252010195
7252010216
7252017022
7252044986
7252052051
7252141758
7252146917
7252155681
7252155861
7252167423
7252200796
7252290641
7252392091
7252546695
7252552008
7252777806
7252802457
7252802460
7252913562
7252926423
7253028608
7253029115
7253107837
7253171761
7253192208
7253231317
7253238680
7253319547
7253440170
7253498341
7253505350
7253530557
7253569235
7254652032
7254855067
7255257398
7255437009
7256000047
7257101555
7257101967
7257157386
7257655194
7258882381
7258883278
7258883532
7258886503
7258887253
7258887701
7259005913
7259006141
7259006890
7259333790
7259996984
7262003268
7262079122
7262237958
7262272902
7262330960
7262623635
7262638697
7263362235
7264656700
7266100416
7266101258
7267858439
7272055867
7272127708
7272202347
7272231345
7272283835
7272313910
7272746130
7272796406
7272840935
7272889740
7272919417
7272934713
7272991466
7272993040
7273001581
7273068157
7273170670
7273176290
7273287140
7273350752
7273350972
7273390524
7273504045
7273535420
7273538854
7273543290
7273626123
7273784301
7273805285
7273870739
7273902853
7273995847
7274052084
7274146358
7274314950
7274338845
7274338969
7274338987
7274366956
7274433670
7274470081
7274519497
7274650588
7274651806
7274652039
7274655398
7274659073
7274659393
7274659939
7274738569
7274765983
7274777789
7274778050
7274783133
7274967260
7274983319
7274987983
7275159910
7275234777
7275869963
7275929434
7275940204
7275974501
7276015577
7276047400
7276072481
7276093604
7276094395
7276098369
7276156808
7276176658
7276202528
7276260908
7276297201
7276310054
7276351910
7276490702
7276698288
7277480607
7277550199
7277892208
7278206471
7278457633
7278464677
7278468464
7278554178
7278632072
7279101061
7279104575
7279357911
7279396859
7279441044
7279473224
7279778994
7282203200
7287289615
7288005150
7288005161
7289991067
7302254620
7302260881
7302261982
7302337712
7312560731
7312573355
7312575737
7312587740
7312599559
7312731042
7312807826
7312839183
7312839255
7313073691
7313154478
7313184762
7313213380
7313241127
7313938933
7314447796
7314448874
7315000155
7315999718
7316427322
7316811634
7317348640
7317379435
7317771003
7318824982
7319007880
7319009482
7319009759
7319037064
7319444063
7319444456
7322004341
7322017296
7322179145
7322810000
7323076986
7323144650
7323275410
7323312815
7323345600
7323557770
7323724248
7323894940
7323911126
7323946985
7323959832
7323986550
7323986551
7324004151
7324005792
7324018834
7324752060
7324901564
7324909080
7325532364
7325534366
7325628805
7325920581
7326055555
7326274673
7326299667
7326837744
7327162280
7327208981
7327725944
7327821000
7327924836
7327956847
7328135046
7328137535
7328351517
7328483368
7328757490
7329319621
7329521576
7329730005
7329730096
7342193174
7342209558
7342213593
7342302366
7342307962
7342320000
7342345233
7342346067
7342377811
7342382959
7342516044
7342516475
7342516647
7342560945
7342706093
7342752667
7342887432
7342910518
7342910629
7342997159
7342997684
7343021076
7343070591
7343210912
7343350783
7343351665
7343386796
7343396421
7343430200
7343438723
7343467917
7343488191
7343488250
7343488907
7343492288
7343553630
7343569254
7343569445
7343597548
7343612515
7343613077
7343618218
7343664049
7343712011
7343712156
7343712208
7343730214
7343758228
7343827302
7343857257
7343909652
7343909752
7343916051
7343961838
7343961847
7343961911
7343966023
7343982033
7344021721
7344047237
7344151344
7344237359
7344245032
7344360117
7344475401
7344603338
7344633383
7344884177
7344884535
7344940493
7345196303
7345323104
7345359454
7345904283
7345982191
7346236934
7346278511
7346362244
7346362957
7346365826
7346365905
7346369512
7346489284
7346592796
7346685174
7346749734
7346840395
7346866206
7346948150
7346948413
7347101308
7347201529
7347266162
7347414032
7347663348
7347663668
7347682735
7347745732
7347814126
7348023143
7348083949
7348201229
7348201314
7348212683
7348236193
7348494374
7348494734
7348571880
7348699643
7348726474
7348726643
7348727373
7348744021
7348756216
7348756543
7348791308
7348882761
7348897025
7349210560
7349210616
7349210666
7349210929
7349693173
7349852398
7349876615
7349991827
7372007806
7372158176
7372259299
7372379514
7372444323
7372490590
7372531766
7372543543
7372543731
7372646023
7372701043
7372713106
7372899033
7373891978
7373991106
7374000418
7374130084
7374378907
7374435214
7375370563
7376373971
7376776393
7377427464
7377735191
7402056212
7402068161
7402095861
7402180443
7402344057
7402521499
7402560952
7402668636
7402734243
7402811708
7402811905
7402897982
7402933167
7402934817
7402935280
7402956469
7402958060
7402958437
7402958785
7402997442
7403003316
7403003317
7403004682
7403188556
7403471145
7403497097
7403640371
7403656138
7403727303
7403947537
7404007304
7404067160
7404367091
7404404719
7404561093
7404957500
7404961263
7404982244
7405056113
7405133064
7405618523
7405665871
7405851944
7405987737
7406131500
7406131541
7406168121
7406608829
7406680132
7407128731
7407265617
7407328488
7407426112
7407474388
7407617609
7407837654
7408387511
7408427291
7408432180
7408432193
7408463291
7408463943
7408535055
7409300770
7409466507
7409534022
7409666960
7422866070
7432030034
7432096143
7432096697
7432196175
7432232683
7432286144
7432286204
7432286386
7432704121
7432863158
7432863251
7432863305
7432864234
7432865049
7432865087
7432865099
7432865270
7432866323
7432866350
7432867098
7432867193
7432867303
7432867447
7432867662
7432868000
7432868188
7432868486
7432868624
7433008712
7433360614
7433934875
7434654276
7434657808
7435295594
7472059908
7472190901
7472250852
7472387759
7472397129
7472405130
7472823348
7472933154
7473313529
7473352945
7473386543
7473395715
7473661744
7473691781
7474071121
7474263991
7477393390
7478776993
7508181655
7536575556
7542012043
7542028488
7542030997
7542037121
7542039234
7542180626
7542191041
7542382519
7542435086
7542435427
7542435599
7542435843
7542547035
7542906791
7543008356
7543097135
7543281734
7543282454
7543364133
7543364906
7543364983
7543365490
7543368755
7543373559
7543374688
7543427263
7543464314
7543475066
7543525616
7543527046
7543556966
7544849428
7545442662
7545444910
7546636566
7547032000
7547048596
7547326895
7547329530
7547781980
7547787121
7549008124
7572012911
7572043475
7572140641
7572188604
7572302875
7572739915
7572790149
7572878638
7572903504
7573064682
7573158659
7573316110
7573838380
7573839977
7573842932
7573898596
7574087495
7574144358
7574274889
7574278199
7574328209
7574328281
7574595132
7575144167
7575292805
7575293462
7575449490
7575486432
7575749146
7575757376
7575788344
7575791289
7575903672
7575903674
7575903826
7575903827
7575913818
7575983085
7576123112
7576145385
7576340099
7576376474
7576488180
7576492098
7576493094
7576564026
7576598288
7576598559
7576772755
7576781982
7576927027
7577096969
7577126953
7577202311
7577314709
7577439944
7577759564
7577812937
7577861440
7577944604
7577945375
7577945377
7577945378
7577945379
7577971821
7577978174
7577979727
7578006761
7578011941
7578100824
7578283182
7578295279
7578296629
7578296812
7578327841
7578442723
7578491803
7578522311
7578598483
7578755772
7578800419
7578852320
7578918306
7578995506
7578998189
7579011530
7579090172
7579099481
7579120352
7579325830
7579415325
7579415408
7579701432
7579701454
7579730327
7579792630
7579919399
7579934849
7579965087
7602095337
7602293501
7602633971
7602743508
7602807194
7602820846
7603011518
7603013077
7603013856
7603166617
7603596147
7603596360
7604038483
7604874807
7604876719
7604916823
7604964015
7605319644
7605423352
7605497161
7605931278
7606144457
7606153017
7606277219
7606427791
7606427992
7606458608
7606459257
7606493279
7606518467
7606527611
7606751478
7606751504
7606751823
7606751860
7606900161
7607062609
7607062704
7607063128
7607339492
7607339605
7607643321
7607848895
7607848909
7607868372
7607868536
7607905561
7607905751
7608181469
7608181477
7608181609
7608181724
7608181936
7608181983
7608194748
7608420458
7608453354
7608566730
7608566871
7608781635
7608929784
7609067573
7609193425
7609193566
7609193929
7609330547
7609338964
7609351636
7609351796
7609351842
7609381672
7609381770
7609730867
7609732982
7609739035
7609749374
7609790974
7609833465
7609992868
7622063692
7622245289
7622271248
7622312138
7622464391
7622464397
7622514889
7622518241
7622534159
7622534246
7622534784
7622534979
7622578395
7622578403
7622679656
7622685544
7622685796
7622719250
7622719532
7622769159
7622769232
7622789792
7622789794
7622795839
7622809609
7622809794
7622809893
7622908613
7622908876
7622908941
7622908972
7622919683
7623152708
7623184472
7623426340
7623431051
7623497200
7623497238
7623567583
7623588066
7623669302
7623669314
7623669347
7623669539
7623669584
7623669912
7623776919
7624225452
7624272170
7624625496
7624625802
7624625816
7624625817
7624654724
7625290712
7625293658
7625336012
7625502086
7626802545
7627019051
7627019116
7627019373
7627019527
7627221864
7627441067
7627449064
7627449332
7627449832
7627663136
7627663790
7627950153
7628426269
7628426378
7628426404
7628426826
7628426943
7628954255
7629465125
7629465174
7629465331
7629465816
7632009181
7632028359
7632301434
7632306984
7632309017
7632336845
7632351833
7632375684
7632401580
7632441111
7632743899
7632807585
7632979225
7632994319
7633081936
7633089152
7633100823
7633121273
7633143779
7633160820
7633352770
7633419822
7633429496
7634508424
7634931204
7635723222
7636565847
7636565862
7637106643
7637267544
7637269437
7637868878
7638886040
7638889327
7652223901
7652302923
7652463459
7653249291
7653392753
7653421218
7653719478
7653860932
7653866312
7653866708
7653866716
7653867079
7653867301
7653867910
7653926265
7653969627
7654420658
7654822391
7655301093
7655301743
7655301799
7655301801
7655302547
7655303230
7655305010
7655305310
7655305608
7655306378
7655306647
7655306860
7655306987
7655309865
7655903680
7656902593
7657522914
7657595176
7657745296
7658884199
7659388420
7659394918
7659424456
7659720758
7692502115
7695299461
7697586618
7697666991
7699333752
7702007182
7702022550
7702062951
7702150619
7702154836
7702158976
7702304926
7702337156
7702405493
7702503017
7702536289
7702753755
7702753803
7702759639
7702802897
7702849306
7702910733
7703314147
7703432248
7703535033
7703711060
7703725408
7703875096
7704047017
7704077479
7704108790
7704109988
7704151619
7704234814
7704492425
7704815805
7704910023
7704918577
7704924184
7705018779
7705101809
7705157980
7705232143
7705269605
7705456902
7705491997
7705625006
7705626477
7705692650
7705851842
7705851862
7705997897
7706259243
7706299230
7706489407
7706517938
7706582355
7706582359
7706703848
7706857320
7706921211
7706924813
7706924855
7706966572
7706978643
7707047217
7707057541
7707262249
7707357371
7707377218
7707377568
7707622664
7707660162
7707832676
7707984718
7707997483
7707999450
7708107355
7708168619
7708304513
7708474847
7708477423
7708507450
7708521209
7708524018
7708524173
7708524583
7708525821
7708527571
7708529333
7708573708
7708636237
7708650114
7708741811
7708748005
7708820615
7708928222
7709010383
7709136685
7709427393
7709460446
7709460604
7709463654
7709464647
7709465351
7709467219
7709469037
7709473477
7709476312
7709651979
7709712725
7712004046
7712031483
7712031608
7712031651
7712031680
7712032882
7712033009
7712033050
7712033056
7712033077
7712033086
7712033088
7712033850
7712034053
7712034064
7712034399
7712034401
7712034435
7712035615
7712035616
7712035658
7712035672
7712035728
7712035793
7712035799
7712035802
7712035838
7712035870
7712035887
7712035915
7712087475
7712220146
7712220184
7712220768
7712221177
7712221180
7712221662
7712221973
7712223035
7712223090
7712223091
7712223093
7712223931
7712224128
7712224190
7712224196
7712224221
7712224659
7712224685
7712224696
7712224746
7712224756
7712224987
7712225009
7712225090
7712225741
7712225831
7712226055
7712226425
7712226563
7712226686
7712226747
7712226944
7712227134
7712227488
7712228194
7712228279
7712229050
7712229250
7712445599
7712446064
7712472523
7712472681
7712472746
7712473279
7712473324
7712473388
7712473444
7712473925
7712473981
7712474577
7712479291
7712479414
7712479418
7712479438
7712479461
7712479503
7712479522
7712479541
7712479842
7712520676
7712531640
7712532788
7712534919
7712534987
7712535080
7712535104
7712535173
7712536275
7712542027
7712542079
7712542307
7712542437
7712542480
7712542482
7712542590
7712543096
7712543179
7712543482
7718884339
7718887732
7722021858
7722093275
7722182862
7722236633
7722264602
7722293378
7722327551
7722382353
7722411651
7722448432
7722448506
7722448742
7722448847
7722517186
7722517633
7722517740
7722517759
7722517963
7722534694
7722555038
7722584872
7722638636
7722720364
7722722404
7722733025
7722733043
7722764020
7722764035
7722765526
7722793749
7722866641
7722882278
7722900759
7722904909
7722905963
7722908390
7722979244
7722981255
7723003209
7723039649
7723039812
7723159264
7723180584
7723187546
7723206961
7723332094
7723450865
7723483801
7723537335
7723655983
7724056128
7724252635
7724690925
7724693813
7724778043
7724808468
7724977356
7725004882
7725007190
7725109007
7725109090
7725109166
7725109601
7725109638
7725109814
7725109880
7725632872
7725885217
7726109641
7726170280
7726216998
7726464129
7726469117
7726469372
7726643428
7726665657
7726669189
7726669486
7726669528
7726669719
7726669789
7726778375
7726794362
7727020425
7727100654
7727100952
7727222850
7727320005
7727326726
7727329770
7727582171
7727586368
7727716348
7727756338
7727756379
7727949998
7728007649
7728377412
7728776198
7728799085
7728999490
7729002669
7729004194
7729004215
7729004845
7729074066
7729074197
7729074329
7729074372
7729074587
7729074604
7729346974
7729461266
7729463274
7732315829
7732430399
7732454116
7732459798
7732618392
7732618744
7732737564
7732779088
7733096497
7733123172
7733456877
7733520675
7733575855
7733622394
7733721929
7733820428
7733967667
7734339184
7734544024
7734866563
7734922563
7734926809
7735272237
7735461342
7735468487
7735721635
7735968658
7736342246
7736345314
7736435345
7736443754
7736444532
7736614035
7736660245
7736762673
7736922799
7737106313
7737266057
7737371543
7737544403
7737697849
7738013815
7738188250
7738199272
7738253472
7738654989
7738975467
7739068176
7739150549
7739921498
7742089802
7742471993
7742585548
7742962383
7742988641
7743018861
7743018990
7743040221
7743048113
7743048568
7743078428
7743099824
7743108762
7743159406
7743159878
7743219925
7743249519
7743249640
7743249994
7743268884
7743268975
7743269219
7743269315
7743269556
7743269734
7743348509
7743470872
7743778166
7743778270
7743778348
7743778364
7743778780
7743892173
7744048799
7744048930
7744049521
7744049908
7744079694
7744081876
7744089040
7744089887
7744090183
7744091107
7744091156
7744091215
7744091238
7744091688
7744091741
7744091753
7744091959
7744190884
7744250875
7744250984
7744329415
7744329741
7744329926
7744358430
7744358469
7744358508
7744358620
7744358652
7744358785
7744358862
7744499258
7744499329
7744499430
7744499608
7744499659
7744499978
7744509017
7744509079
7744509127
7744509140
7744509302
7744509394
7744509435
7744520644
7744608275
7744608453
7744608692
7744608814
7744608826
7744609015
7744609175
7744609265
7744609552
7744609998
7744725367
7744790515
7744790596
7744790737
7744829851
7744890321
7744890421
7744890514
7744890594
7744958363
7744958815
7745120642
7745163005
7745388154
7745388279
7745388918
7745457474
7745457677
7745457918
7745487381
7745487567
7745488098
7745488260
7745488524
7745517463
7745517871
7745539478
7745539755
7745999284
7746541142
7746541207
7746541559
7746541895
7746999739
7747031131
7747281874
7747631086
7747631197
7747631330
7747631564
7747631673
7747631852
7747681334
7747681649
7747681749
7747681802
7747681953
7748010174
7748010398
7748010634
7748010773
7748062353
7748062525
7748062535
7748062677
7748087394
7748087479
7748087480
7748087769
7748087945
7748087983
7748087984
7748542134
7748550345
7748550554
7748558367
7748558436
7749294465
7752044395
7752048997
7752183911
7752186398
7752390013
7752393322
7752441596
7752448882
7752449586
7752456380
7752595191
7752599206
7752599944
7752601788
7752619658
7752875577
7753130748
7753587344
7753745940
7753765636
7753825797
7753920671
7754026446
7754381293
7754381695
7754381723
7754381770
7754388344
7754418940
7754510615
7754550053
7754550345
7754550664
7754550825
7754902717
7755057544
7755677930
7755734393
7755910830
7756000286
7756296974
7756440728
7756444582
7757999845
7757999868
7758568263
7758716370
7759621415
7759779121
7782084659
7783159843
7785384275
7785763428
7787041722
7787655184
7792590548
7792822344
7792930449
7796000520
7797222184
7797586762
7797666204
7797666754
7802821202
7803015347
7804629950
7805086908
7805725328
7806780747
7806974923
7807587319
7809975707
7812084635
7812262916
7812419032
7813435145
7813437249
7813629999
7814480571
7814510007
7814630245
7815128286
7815316819
7815499074
7815590692
7815668000
7815748076
7815903450
7816257507
7816499743
7816569000
7817628626
7817633816
7817644676
7817953573
7818013745
7818073064
7818222546
7818223215
7818223384
7818223472
7818223669
7818816790
7818826081
7818826192
7818826199
7818826214
7818827614
7819227508
7819263750
7819771691
7819963989
7824550467
7824598366
7829937021
7852003270
7852003349
7852051810
7852101502
7852357843
7852706976
7852710719
7852788503
7853023469
7853245499
7853316278
7853356682
7853676949
7853972552
7853978237
7854476370
7854478471
7854478731
7855041804
7855193280
7855762699
7855831887
7856481532
7856576504
7857032428
7857041960
7857151498
7857253452
7857374625
7857460202
7857619152
7857619799
7857651982
7858181099
7858294629
7859174393
7859555963
7859998249
7862046727
7862047039
7862147032
7862167347
7862316029
7862385443
7862430019
7862543804
7862548089
7862606662
7862639294
7862801387
7862846580
7862924141
7862978193
7863221297
7863312303
7863316235
7863316612
7863345453
7863361704
7863364901
7863396829
7863482747
7863534567
7863582342
7863582969
7863607726
7863608539
7863627532
7863712431
7863712878
7863832535
7863862773
7863985607
7864184819
7864185741
7864189210
7864271288
7864304042
7864345492
7864348098
7864561796
7864605857
7864606196
7864607537
7864608937
7864650515
7864657470
7864749476
7864906575
7865040808
7865192534
7865202054
7865237317
7865351777
7865390550
7865395113
7865401196
7865502280
7865895193
7865898973
7865910143
7866004614
7866151399
7866181266
7866288667
7866404501
7866486052
7866544285
7866611748
7866649059
7866737520
7866920110
7866999290
7867061185
7867304125
7867332574
7867336055
7867398336
7867398429
7867472280
7867536620
7867555048
7867559137
7867568332
7867586667
7867724347
7867727781
7867835382
7867856379
7867859076
7867862343
7867897217
7868009512
7868395449
7868396066
7868454956
7868602266
7868842894
7868843607
7868926248
7868978193
7869051749
7869200691
7869279499
7869367957
7869377887
7869463915
7869492342
7869495929
7869608406
7869710381
7869710574
7869731110
7869806382
7869808102
7869815147
7875075737
7878681088
7879950422
8002045785
8002109011
8002186707
8002189570
8002189946
8002235787
8002296342
8002369747
8002382727
8002408151
8002420592
8002479614
8002531301
8002543407
8002557828
8002569805
8002645723
8002662278
8002668228
8002721514
8002730603
8002754285
8002762301
8002763612
8002792573
8002799032
8002822881
8002843229
8002882020
8002903072
8002903079
8002904014
8002927508
8002960721
8002965598
8003089532
8003142173
8003151907
8003165711
8003182596
8003200525
8003212000
8003219637
8003230914
8003238914
8003240146
8003313103
8003317370
8003318272
8003347724
8003386833
8003411437
8003450428
8003471991
8003472683
8003474934
8003487011
8003514262
8003514604
8003531380
8003535920
8003571371
8003586281
8003594107
8003597501
8003683749
8003749700
8003792203
8003796898
8003821388
8003869261
8003882200
8003976767
8004264149
8004264840
8004290535
8004403989
8004412110
8004430815
8004468848
8004480647
8004633339
8004774747
8004915500
8004923344
8004934647
8004945500
8004958229
8004990309
8005102863
8005144912
8005149375
8005158630
8005219380
8005234030
8005244618
8005284800
8005315000
8005318722
8005328082
8005365706
8005367266
8005432849
8005457741
8005543257
8005569393
8005626242
8005671083
8005803004
8005856686
8005872147
8005916313
8005961072
8005973112
8006066841
8006082581
8006334227
8006341506
8006427990
8006434845
8006501776
8006550108
8006582150
8006777344
8006787986
8006790847
8006860021
8006906903
8006936835
8006955308
8006959873
8007100137
8007161433
8007332767
8007450572
8007457354
8007584507
8007642576
8007721213
8007727153
8007733365
8007746237
8007777328
8007806451
8007868419
8007879437
8007953627
8008003599
8008052739
8008090648
8008146580
8008227933
8008249289
8008425075
8008456167
8008662453
8008715913
8008722657
8008778572
8008787878
8008791397
8008798609
8008837930
8008870224
8008898740
8008954999
8009001378
8009007850
8009010020
8009136002
8009143980
8009145582
8009162255
8009218101
8009220204
8009256278
8009336262
8009341294
8009356199
8009378997
8009399157
8009401967
8009423767
8009460332
8009505114
8009505162
8009552292
8009556600
8009557070
8009629898
8009666546
8009688691
8009691940
8009721651
8009864633
8009903531
8012105418
8012147961
8012176116
8012188538
8012334562
8012563459
8012691960
8012772493
8012939083
8013060327
8013067210
8013092006
8013092093
8013092107
8013092162
8013092271
8013092347
8013092514
8013092718
8013092980
8013178395
8013372168
8013480436
8013485863
8013485868
8013485935
8013486014
8013486070
8013486072
8013491815
8013500875
8013649158
8013655601
8013868361
8013964305
8014120412
8014366929
8014388160
8014388285
8014388743
8014388797
8014500152
8014538010
8014592879
8014688255
8014801790
8014838056
8014865409
8015049286
8015084647
8015158153
8015158157
8015158172
8015158221
8015158242
8015158243
8015158327
8015158646
8015443695
8015946000
8016018352
8016098371
8016099339
8016155045
8016192555
8016235632
8016399941
8016509367
8016581653
8016851997
8016859114
8016921119
8016959390
8017018716
8017047192
8017080592
8017195946
8017369665
8017704172
8017803822
8017816173
8018037639
8018169795
8018197521
8018214859
8018231234
8018291463
8018415108
8018431908
8018492085
8018761999
8018775969
8018803833
8018803904
8018935942
8018938595
8018999329
8018999516
8019085840
8019302142
8019850770
8019907640
8019920573
8019991811
8022300324
8022524274
8023083895
8023419111
8024008724
8024490465
8024721241
8024739672
8025314932
8026367610
8027948888
8028099991
8028555651
8032024986
8032164182
8032230480
8032312666
8032335285
8032340491
8032348209
8032385752
8032389944
8032487671
8032502178
8032531308
8032531400
8032531410
8032531916
8032531923
8032532077
8032532100
8032532411
8032532784
8032532834
8032533082
8032533277
8032533727
8032533857
8032533873
8032533968
8032534377
8032534465
8032534522
8032534740
8032534786
8032535197
8032535563
8032535692
8032535697
8032536050
8032536193
8032536352
8032536369
8032536555
8032536976
8032537076
8032537458
8032538295
8032538357
8032538578
8032538652
8032538744
8032539227
8032539288
8032539441
8032539457
8032539557
8032539738
8032539803
8032539870
8032586377
8032616457
8032638626
8032658504
8032889969
8032918310
8032981207
8032985732
8033102369
8033211014
8033225630
8033230532
8033252919
8033355932
8033398879
8033535035
8033651504
8033731624
8033778192
8033921345
8033921362
8033958130
8033969287
8034023632
8034027223
8034065826
8034408503
8034551412
8034590971
8034718760
8034744917
8034973154
8034977536
8035120377
8035476444
8035592152
8035739848
8035748096
8035787216
8035889453
8035891658
8035901464
8035926174
8035985513
8036043936
8036154003
8036463984
8036668429
8037082289
8037097469
8037151335
8037168061
8037172719
8037218695
8037263460
8037415536
8037457975
8037522088
8037546076
8037592163
8037597474
8037607718
8037697253
8037732889
8037832766
8037954666
8038032777
8038055200
8038164146
8038189298
8038211003
8038415693
8038505092
8038597580
8038599336
8038785066
8038832543
8038835090
8038863031
8038870993
8038874952
8038914249
8038918946
8039006591
8039084729
8039106341
8039823160
8039861304
8042080121
8042102301
8042104392
8042120031
8042120214
8042148979
8042155649
8042278766
8042278877
8042420275
8042424617
8042508121
8042871564
8042926317
8042948903
8042995165
8043185600
8043226390
8043247628
8043247743
8043287334
8043319242
8043320327
8043325300
8043523543
8043617284
8043618865
8043654948
8043766194
8043766228
8043766364
8043766453
8043766584
8043766670
8043804435
8043922869
8043954245
8044044354
8044109088
8044168229
8044248713
8044486254
8044486318
8044486657
8044486840
8044496593
8044531539
8044531589
8044561409
8044603052
8044603157
8044603499
8044603679
8044603904
8044603973
8044633150
8044801608
8044989417
8044989512
8045074345
8045074654
8045074658
8045074674
8045183156
8045381399
8045381616
8045381875
8045381879
8045529164
8045529452
8045529998
8045574203
8045607212
8045772116
8045772302
8045772699
8045877362
8046003550
8046069132
8046069310
8046069635
8046069653
8046320388
8046590046
8046590510
8046590810
8046669034
8046669051
8046669135
8046669199
8046669306
8046669681
8046669826
8046675612
8046675759
8046704987
8046807026
8046807212
8046807476
8046807845
8046811466
8046811677
8046816043
8046816949
8046819013
8046819654
8046819966
8046899255
8046899399
8046899429
8046899693
8047101237
8047299322
8047386920
8047507993
8047534574
8047534669
8047534822
8047664518
8048124506
8048124886
8048128501
8048165878
8048254361
8048269299
8048663030
8048722154
8048832067
8048891860
8048909156
8049067811
8049334205
8049368394
8049451431
8049611288
8049612614
8049613072
8049614864
8049615358
8049616644
8049618815
8049696216
8049791044
8049791635
8049791750
8049791879
8049791943
8052003696
8052004591
8052032815
8052033817
8052443494
8052443930
8052511383
8052525741
8052645800
8052703456
8052707858
8052958458
8053049676
8053232828
8053239170
8053421271
8053643649
8053646715
8053989188
8054109306
8054109980
8054537829
8054844210
8055053504
8055073754
8055073989
8055129995
8055152758
8055168957
8055218504
8055218526
8055218561
8055218603
8055526630
8055562111
8055890726
8056005554
8056097320
8056223350
8056302201
8056335321
8056335458
8056335708
8056335825
8056370264
8056377243
8056377456
8057168988
8057214954
8057238251
8057238534
8057238620
8057238643
8057238918
8057464770
8057478151
8057698317
8057768254
8057768384
8057768976
8057914588
8057944779
8058149402
8058193089
8058193331
8058193569
8058193602
8058193986
8058342590
8058645176
8058815723
8059002118
8059095812
8059203621
8059244656
8059244750
8059244753
8059244993
8059363320
8059363545
8059363558
8059363899
8059363908
8059403643
8059472868
8059512188
8059777630
8059914559
8059914598
8059914684
8059914991
8062036260
8062099038
8062163279
8062198370
8062908659
8063008355
8063489695
8063632966
8063654985
8063677093
8063912382
8063918391
8064101065
8064142612
8064145579
8064520948
8064549353
8064608416
8064822504
8065131813
8065299511
8065423702
8065437223
8065458628
8065708150
8065952661
8066042021
8066082915
8066853563
8066901890
8066964649
8066980048
8067187920
8067319011
8067585455
8067724362
8067820989
8068069325
8068218940
8068365203
8068394163
8068676452
8069326720
8069936516
8072306789
8075297249
8082004219
8082062422
8082343685
8083024910
8083046540
8083446222
8083723152
8083812896
8083892548
8083950501
8083950871
8083952003
8083963031
8083966828
8085175369
8085599015
8086630564
8086943276
8089993412
8089995138
8102016261
8102021402
8102021446
8102021601
8102045200
8102047525
8102096280
8102096384
8102129848
8102418086
8102568069
8102568159
8102732811
8103012576
8103106764
8103255370
8103255669
8103255678
8103310382
8103310928
8103313820
8103313828
8103384463
8103534007
8103547438
8103664021
8103666246
8103666659
8103686338
8103686420
8103690351
8103690381
8103690418
8103690488
8103690669
8103710104
8103710419
8103747118
8103900759
8104259279
8104260110
8104623442
8104623994
8104667386
8104667407
8104742617
8104746554
8104746926
8105101822
8105101871
8105109343
8105347750
8105426357
8106464296
8106464614
8106667731
8106710450
8106789114
8107722641
8108860100
8108860555
8108883803
8108884835
8109569079
8109576027
8109576272
8109576407
8109900348
8122155718
8122190983
8122225555
8122230108
8122476827
8122663821
8122665662
8122897732
8123473791
8123798301
8123866607
8124142023
8124144847
8124415316
8124615728
8124685045
8124817500
8124906964
8125023151
8125143116
8125155082
8125236913
8125332823
8125341984
8125521849
8125521918
8125529808
8125532530
8125771632
8125771736
8125771793
8125891067
8125898290
8126311688
8126825009
8126946786
8127214812
8127247717
8127251068
8127259809
8127386263
8127398126
8127486713
8127653435
8127916743
8127958645
8128044416
8128426899
8128651167
8128651397
8128652587
8128652852
8128653720
8128653969
8128657390
8128657700
8128657779
8128658064
8128658220
8128658585
8128658842
8128740718
8128890754
8128923256
8128948040
8129023608
8129158639
8129491622
8129544028
8129546535
8132041124
8132060455
8132091419
8132107418
8132108672
8132109101
8132121739
8132121899
8132124497
8132124918
8132134182
8132179383
8132191609
8132262545
8132354883
8132484726
8132490831
8132518298
8132522043
8132522558
8132524959
8132576638
8132618157
8132658056
8132696343
8132846012
8132854899
8132914648
8132965408
8132966181
8133023576
8133027447
8133035643
8133040950
8133052036
8133053632
8133054673
8133088634
8133205806
8133214520
8133221001
8133243092
8133243223
8133373586
8133374716
8133411182
8133433714
8133559662
8133565421
8133640986
8133645677
8133653867
8133656530
8133666804
8133673782
8133797363
8133896588
8133918266
8133925393
8133950253
8134047817
8134068543
8134093306
8134125271
8134137751
8134186257
8134201069
8134244826
8134301592
8134302843
8134335324
8134357662
8134365210
8134370168
8134385782
8134404695
8134426459
8134442311
8134446731
8134487842
8134496732
8134567224
8134615796
8134632587
8134738724
8134885861
8134886923
8134917608
8134928658
8134998306
8135012109
8135043055
8135073182
8135102958
8135134152
8135137731
8135154158
8135171552
8135180244
8135185328
8135185615
8135196496
8135204520
8135225858
8135243414
8135306884
8135337430
8135344585
8135354503
8135356518
8135359954
8135368642
8135372633
8135376367
8135377740
8135401781
8135438727
8135488625
8135488916
8135538506
8135538878
8135590444
8135593459
8135593460
8135608061
8135633648
8135635085
8135640687
8135648016
8135668959
8135668994
8135669220
8135669409
8135689152
8135754903
8135756827
8135756850
8135786227
8135813223
8135823853
8135864108
8135884219
8135920649
8135929516
8136000622
8136095114
8136166084
8136313734
8136352348
8136359597
8136388522
8136404892
8136423901
8136447825
8136488266
8136508695
8136564379
8136564905
8136588360
8136608611
8136619719
8136657515
8136666352
8136694792
8136696616
8136699301
8136700183
8136763275
8136781705
8136869002
8136872948
8136926308
8136928242
8136931336
8136931959
8136987999
8137015064
8137021367
8137066494
8137081306
8137123446
8137128508
8137147018
8137207136
8137221920
8137228343
8137229906
8137258226
8137258518
8137259434
8137305715
8137322459
8137330712
8137334636
8137337644
8137348543
8137350189
8137361916
8137363687
8137369381
8137382348
8137412742
8137449253
8137499055
8137555737
8137617289
8137617361
8137687579
8137719042
8137746579
8137766452
8137786924
8137825592
8137861184
8137863016
8137927753
8137986465
8137990703
8138007683
8138030826
8138031064
8138038681
8138080002
8138088283
8138153486
8138155802
8138212576
8138220631
8138222505
8138236791
8138238173
8138239475
8138246133
8138246956
8138249411
8138291414
8138307493
8138307769
8138349590
8138349783
8138367831
8138450322
8138519408
8138519445
8138519652
8138519778
8138859750
8138947530
8138981196
8139026916
8139098326
8139125573
8139156472
8139213599
8139218049
8139231156
8139232076
8139259019
8139344340
8139345003
8139355552
8139374344
8139404134
8139404406
8139407383
8139444870
8139452144
8139455279
8139467961
8139532907
8139548981
8139558139
8139558286
8139623046
8139649782
8139811962
8139817394
8139850684
8139869887
8139956874
8142270033
8142270995
8142272075
8142272835
8142272942
8142712964
8143011256
8143109560
8143160608
8143177306
8143185132
8143262857
8143288300
8143432159
8143433052
8143434501
8143434881
8143435583
8143439016
8143439031
8143445749
8143567621
8143569901
8143656939
8143745238
8143811759
8143993038
8144000839
8144011647
8144102090
8144108053
8144140516
8144279129
8144331357
8144334743
8144623081
8144672172
8144747013
8144849399
8144889364
8145242446
8145511948
8145544862
8145612422
8145680009
8145801158
8146013453
8146108788
8146171691
8146633335
8146971657
8146976703
8147336834
8147419658
8147424663
8147476696
8147633822
8147646557
8147678297
8147800547
8147812785
8147990943
8148063237
8148070477
8148071105
8148301156
8148381249
8148472448
8148597006
8148597629
8148696770
8148852092
8148857738
8148908393
8148908547
8148908841
8148909113
8148909124
8149331043
8149427298
8149608002
8149616090
8149803716
8149910808
8149978756
8152010131
8152053326
8152055253
8152059553
8152304652
8152309890
8152345360
8152353663
8152423228
8152425581
8152425929
8152492014
8152838641
8152901245
8152967233
8152968642
8152969011
8152969044
8152969126
8153014450
8153100544
8153161882
8153208675
8153208704
8153208932
8153272585
8153625585
8153625648
8153626150
8153638880
8153689592
8153762374
8153963406
8154060069
8154150543
8154179541
8154186257
8154232602
8154354573
8154750025
8154759199
8154846227
8155157126
8155242783
8155507815
8155700235
8156144181
8156236600
8156347426
8156383538
8156650087
8156650503
8156650505
8156650648
8156650852
8156666044
8156766516
8156799181
8156799261
8156799286
8156799414
8156799546
8156799569
8156799771
8156808109
8156808728
8156836092
8156910154
8156910430
8156910956
8156911181
8156911439
8156911642
8156911715
8156972228
8157199214
8157242133
8157339076
8157339256
8157339323
8157339383
8157339473
8157339502
8157339644
8157339856
8157339942
8157367201
8157367293
8157367520
8157367528
8157367719
8157682148
8157849394
8157886927
8157920480
8157920525
8157920667
8157920721
8157920786
8157920791
8158466983
8158712397
8158752655
8158838987
8158870375
8158870497
8158870518
8158870964
8159082112
8159160329
8159168202
8159168205
8159168207
8159168369
8159168432
8159168435
8159168657
8159168954
8159168990
8159197243
8159238197
8159238305
8159238350
8159238756
8159238844
8159261168
8159409687
8159491410
8159817319
8162080215
8162082150
8162180758
8162276431
8162277018
8162856697
8162970676
8162970752
8162970880
8163060332
8163084668
8163263192
8163368982
8163426166
8163557245
8163576766
8164040710
8164040777
8164240528
8164426814
8164511257
8164883915
8164892607
8165129784
8165173224
8165494723
8165580907
8165657421
8165688444
8165899190
8165972965
8166035228
8166273270
8166412151
8166539834
8166596683
8166833676
8167245346
8167256660
8167342221
8167820575
8167870821
8167950285
8168360114
8168568520
8168742104
8168778340
8168959840
8169046031
8169156691
8169298240
8169452303
8169752295
8169752849
8169757261
8169791237
8172040192
8172149394
8172213613
8172218967
8172253974
8172342495
8172411366
8172411459
8172413141
8172416243
8172423377
8172643370
8172652077
8172790738
8172841110
8173280363
8173301775
8173555893
8173578590
8173730546
8173803811
8173897145
8173942579
8173988465
8174044689
8174069421
8174159052
8174212013
8174359322
8174506226
8174506228
8174506229
8174506231
8174506235
8174506236
8174506237
8174506239
8174506241
8174704605
8174769534
8174924427
8175062859
8175066873
8175125331
8175256600
8175290756
8175470237
8175807862
8175879248
8176628923
8176663005
8176663791
8176705231
8176783598
8176788459
8176969818
8177305613
8177449356
8177457259
8177500569
8177517825
8177590030
8177610164
8177753561
8177907389
8178668659
8178808016
8178843099
8178853084
8178864152
8178948421
8179093164
8179149646
8179162824
8179334282
8179349556
8179511154
8182001239
8182129106
8182132642
8182141136
8182142726
8182144625
8182513963
8182549720
8182801692
8182864320
8183129509
8184122270
8184525845
8184525948
8184576774
8184732898
8184793853
8184959940
8185140137
8185274787
8185320809
8185706295
8186270190
8186290172
8186990904
8187329451
8187822585
8188320049
8188530072
8188969780
8189344769
8189937858
8195269305
8196928623
8202007886
8202186926
8202230786
8202408088
8202471986
8202888761
8204442961
8204443320
8204443556
8204444858
8205290606
8213330133
8214444244
8232156266
8252452975
8252971045
8253352393
8253840246
8255057732
8262179024
8262179542
8265005342
8282039827
8282205441
8282345105
8282529323
8282610338
8282700709
8282789565
8282815426
8282837317
8283164327
8283324805
8283437329
8283609605
8283680843
8283827827
8283836162
8283923245
8283944565
8283998194
8284076440
8284158797
8284184285
8284209324
8284236560
8284483349
8284569831
8284714867
8284815403
8284877149
8284929965
8284982721
8285108152
8285131841
8285149943
8285221474
8285248215
8285402697
8285463620
8285482143
8285606577
8285766256
8285794893
8285796302
8285801270
8285804718
8285819071
8285842666
8285869604
8285899820
8286048876
8286099189
8286177154
8286243609
8286314090
8286492179
8286622349
8286825590
8286882890
8286884623
8286885925
8286955599
8287058154
8287058781
8287194972
8287263295
8287338705
8287433959
8287507823
8287592305
8287699454
8287867705
8287992248
8288008237
8288101795
8288300908
8288312593
8288457986
8289027107
8289027183
8302225581
8302233605
8302233612
8302247333
8302273124
8302408418
8302472920
8302513893
8302625095
8302625174
8302632911
8302886290
8302886405
8303691343
8303878760
8304021943
8304316437
8304319830
8304536948
8304579244
8304579397
8304633147
8304849608
8305150254
8305199936
8305729134
8305729865
8305820519
8305968305
8306006497
8306006722
8306359079
8306444121
8306458615
8307339998
8307432789
8307458608
8307458652
8307458860
8307519402
8307519473
8307529720
8307708490
8307719572
8307719696
8307719975
8307736459
8307772997
8307827085
8308250525
8308250529
8308250818
8308250823
8308250839
8308370071
8308519534
8308519652
8308542371
8308544217
8308688364
8308688394
8308688484
8309048684
8309320447
8309426121
8309426211
8312158518
8312203355
8312327596
8312804370
8312822970
8312853623
8312854953
8312983248
8313357604
8314015618
8314715651
8314715785
8315080995
8315082620
8315388220
8316074703
8316241454
8316530697
8316583504
8317081299
8317770054
8317770175
8317770727
8317771181
8317771864
8318374757
8318446154
8318446519
8318865837
8319996298
8322076610
8322103220
8322193110
8322338396
8322343404
8322351328
8322375956
8322517813
8322624292
8322682090
8322682218
8322817234
8322819463
8322819935
8322992454
8323014980
8323042812
8323056251
8323059249
8323059391
8323059585
8323202720
8323719134
8323753617
8323812167
8324004644
8324008851
8324026845
8324083366
8324124068
8324152154
8324303852
8324406338
8324580905
8324583683
8324640612
8324942391
8325093997
8325102044
8325123298
8325296778
8325397372
8325534245
8325712132
8326210792
8326214023
8326263331
8326503776
8326623290
8326834047
8327378429
8327455373
8327455399
8327693198
8327773384
8327804009
8327838982
8327849443
8327871529
8328002746
8328100086
8328124868
8328130900
8328218235
8328322957
8328323272
8328323725
8328326717
8328444161
8328480930
8328622491
8328699081
8329009034
8329141980
8329326005
8329542856
8329564324
8329741105
8329909810
8332000133
8332052660
8332053599
8332066591
8332068614
8332073772
8332075374
8332075377
8332078270
8332084431
8332102097
8332106186
8332120713
8332132575
8332133188
8332141142
8332149249
8332157942
8332159722
8332161021
8332163465
8332166456
8332167539
8332175418
8332183099
8332188076
8332191809
8332220685
8332220807
8332233121
8332244609
8332263004
8332265759
8332299515
8332307226
8332310183
8332320679
8332330810
8332348602
8332390918
8332434450
8332461038
8332478412
8332499769
8332528519
8332539084
8332568308
8332579620
8332587724
8332600573
8332606343
8332625013
8332629416
8332649320
8332681216
8332704528
8332729033
8332736760
8332771292
8332779028
8332803581
8332861605
8332881698
8332890337
8332890353
8332897321
8332899071
8332899600
8332943738
8332950205
8332950791
8333031666
8333045573
8333049094
8333049155
8333052160
8333056885
8333063214
8333064371
8333079399
8333091038
8333125275
8333136620
8333151711
8333157714
8333159384
8333161171
8333162490
8333167508
8333167622
8333169001
8333176475
8333179001
8333181829
8333193560
8333201089
8333230553
8333232460
8333239768
8333249833
8333262032
8333277314
8333279019
8333285170
8333285202
8333289943
8333295805
8333300312
8333302134
8333302916
8333306170
8333310076
8333321097
8333337502
8333337504
8333337507
8333337508
8333337511
8333337518
8333362014
8333366793
8333368701
8333369352
8333369459
8333389177
8333397654
8333413101
8333415247
8333444984
8333458046
8333463038
8333467135
8333469583
8333471941
8333471968
8333515311
8333516738
8333518134
8333518313
8333556510
8333564975
8333566261
8333567716
8333568453
8333568990
8333611038
8333633648
8333633868
8333634718
8333635179
8333636854
8333636868
8333637024
8333637583
8333638211
8333639248
8333639334
8333639522
8333656686
8333660127
8333720619
8333735619
8333736215
8333738908
8333763024
8333765045
8333770971
8333782912
8333880581
8333882768
8333892054
8333898530
8333907581
8333911036
8333913771
8333941058
8333943968
8333961405
8333964010
8333967245
8333972954
8333972982
8333988632
8334001698
8334007271
8334019405
8334020416
8334045148
8334082693
8334100705
8334101092
8334101372
8334102347
8334140655
8334144423
8334144637
8334144728
8334145064
8334153177
8334156128
8334159211
8334189362
8334192602
8334193084
8334194166
8334194591
8334195037
8334196845
8334196932
8334198450
8334209043
8334219914
8334221411
8334228498
8334228625
8334229693
8334237640
8334239078
8334273181
8334273340
8334273350
8334273512
8334273572
8334273591
8334284824
8334297544
8334299779
8334302913
8334311213
8334314150
8334314151
8334385518
8334393079
8334393083
8334394166
8334400960
8334403509
8334403733
8334404115
8334410930
8334411270
8334415062
8334447087
8334462734
8334474397
8334477956
8334484117
8334498103
8334509274
8334542291
8334553252
8334561048
8334568600
8334597887
8334603985
8334611935
8334654134
8334658603
8334659697
8334666471
8334679389
8334695760
8334695899
8334695981
8334699689
8334713602
8334722959
8334726138
8334731665
8334742414
8334814831
8334814942
8334823070
8334823090
8334823113
8334823252
8334823366
8334823433
8334824003
8334825090
8334843536
8334892570
8334893767
8334894282
8334896902
8334904237
8334924559
8334953867
8334960274
8334961350
8334970813
8334985062
8334994754
8335012505
8335012715
8335031254
8335068062
8335102905
8335102968
8335103127
8335135397
8335137390
8335139398
8335215638
8335223307
8335225844
8335252476
8335268303
8335315557
8335325478
8335345699
8335413497
8335413639
8335413658
8335414655
8335415162
8335415903
8335415931
8335416469
8335416635
8335416672
8335416786
8335416968
8335418359
8335418996
8335419329
8335419680
8335419935
8335437039
8335457441
8335481595
8335482368
8335494796
8335515038
8335544474
8335562421
8335584063
8335595596
8335601865
8335603648
8335613209
8335635611
8335656344
8335667304
8335675716
8335675722
8335676392
8335681677
8335681684
8335681901
8335682107
8335682746
8335682807
8335682966
8335683121
8335683260
8335685459
8335686707
8335689618
8335696143
8335697262
8335697268
8335697987
8335698362
8335698764
8335699357
8335699438
8335699453
8335699769
8335699848
8335702645
8335705869
8335713561
8335719178
8335719224
8335734179
8335750521
8335752592
8335753832
8335755780
8335755982
8335756693
8335756887
8335759742
8335759773
8335765044
8335765719
8335766093
8335766714
8335767671
8335767896
8335768023
8335768718
8335769408
8335769939
8335770100
8335770431
8335770817
8335772829
8335773104
8335773143
8335773146
8335773277
8335773289
8335773420
8335773451
8335773461
8335773598
8335773615
8335773624
8335773656
8335773675
8335773685
8335773726
8335773778
8335773824
8335773858
8335773878
8335773885
8335774020
8335774048
8335774057
8335774064
8335774083
8335774127
8335774140
8335774147
8335774151
8335774169
8335774176
8335774177
8335774209
8335774231
8335774261
8335774262
8335774317
8335774517
8335774524
8335774560
8335774588
8335774589
8335774651
8335774780
8335774801
8335774811
8335774829
8335775022
8335775076
8335775090
8335775120
8335775179
8335775223
8335775234
8335775276
8335775401
8335775467
8335775529
8335775535
8335775538
8335775571
8335775592
8335775597
8335775610
8335775653
8335775742
8335775779
8335775845
8335775854
8335775864
8335775871
8335775905
8335775943
8335775975
8335775980
8335776024
8335780841
8335796371
8335796378
8335797145
8335798975
8335799197
8335799462
8335799829
8335802936
8335807655
8335815794
8335816248
8335817515
8335817636
8335835432
8335836128
8335836174
8335836464
8335891773
8335903933
8335909795
8335924202
8335931649
8335931891
8335933887
8335938796
8335938811
8335939083
8335949737
8335949824
8335952214
8335974638
8335992017
8335993309
8335993371
8335997819
8336002866
8336005298
8336005640
8336007079
8336010140
8336010885
8336014046
8336033677
8336038023
8336068080
8336080822
8336095496
8336100715
8336101123
8336120797
8336131243
8336134808
8336158511
8336183695
8336187207
8336192466
8336209664
8336210963
8336214183
8336222311
8336222390
8336229803
8336252190
8336253119
8336253120
8336253151
8336253212
8336253216
8336253241
8336253318
8336253401
8336253460
8336253480
8336253581
8336253584
8336253594
8336253598
8336253690
8336253705
8336253741
8336253828
8336253835
8336254033
8336254060
8336260816
8336292419
8336303660
8336304587
8336307218
8336307644
8336309269
8336316119
8336316233
8336364270
8336372121
8336389505
8336402972
8336403024
8336403844
8336404218
8336404231
8336404284
8336404307
8336404438
8336407490
8336410913
8336416706
8336430024
8336436565
8336497912
8336508252
8336524049
8336524072
8336524077
8336524102
8336524153
8336529337
8336536605
8336570600
8336590387
8336590399
8336615059
8336615353
8336615374
8336615691
8336616052
8336625670
8336625686
8336625693
8336625708
8336625730
8336625740
8336625741
8336625743
8336625747
8336625749
8336625753
8336625761
8336625762
8336625769
8336625772
8336625779
8336625788
8336625789
8336625800
8336625808
8336625812
8336625818
8336625820
8336625835
8336625845
8336625847
8336625850
8336625853
8336625854
8336625857
8336646510
8336648365
8336649733
8336664185
8336686761
8336699637
8336705765
8336706338
8336706385
8336720273
8336720399
8336720631
8336720676
8336720986
8336721530
8336721641
8336721855
8336722974
8336723693
8336723856
8336725839
8336725848
8336725886
8336725891
8336725920
8336725954
8336726056
8336726164
8336726285
8336726298
8336726303
8336726415
8336726440
8336726449
8336726475
8336726500
8336726514
8336726524
8336726539
8336726639
8336726698
8336726873
8336726924
8336726926
8336726987
8336727068
8336727216
8336727320
8336727372
8336727389
8336727397
8336727399
8336727510
8336727518
8336727609
8336727666
8336735770
8336777424
8336780705
8336783971
8336784145
8336813179
8336813979
8336818080
8336824153
8336839090
8336840936
8336843601
8336843956
8336844339
8336844454
8336845447
8336845448
8336845451
8336845458
8336845474
8336845477
8336845481
8336845490
8336845507
8336845512
8336845523
8336845532
8336845544
8336845548
8336845566
8336845569
8336845573
8336845574
8336845586
8336846158
8336860466
8336885251
8336885416
8336887051
8336887094
8336896979
8336921255
8336932480
8336942241
8336943882
8336947914
8336955606
8336990447
8336992126
8336999924
8337018374
8337022125
8337028084
8337035363
8337046693
8337059138
8337071456
8337071599
8337072536
8337072879
8337072936
8337072941
8337073024
8337073038
8337073081
8337073084
8337073104
8337073436
8337073507
8337073840
8337073872
8337073908
8337073990
8337074030
8337074943
8337075411
8337087335
8337089549
8337092799
8337096947
8337134747
8337138738
8337155423
8337157910
8337175324
8337183827
8337206398
8337208849
8337219926
8337244410
8337251482
8337276754
8337277374
8337284445
8337285374
8337285473
8337288074
8337292615
8337303438
8337306866
8337331541
8337337566
8337349132
8337353213
8337367413
8337367445
8337415463
8337415545
8337415957
8337430167
8337430241
8337440044
8337443303
8337460641
8337460671
8337460685
8337460994
8337461154
8337461184
8337461422
8337461520
8337461721
8337461968
8337462044
8337462085
8337462137
8337462143
8337462314
8337462326
8337462345
8337462352
8337462416
8337462641
8337462777
8337462918
8337462941
8337463139
8337463230
8337463290
8337463954
8337464045
8337464070
8337464140
8337464340
8337464459
8337464761
8337464791
8337464810
8337464820
8337465115
8337465250
8337465305
8337465314
8337465315
8337465341
8337465372
8337465381
8337465480
8337465657
8337465658
8337465791
8337465820
8337465829
8337465856
8337465858
8337465908
8337465943
8337465960
8337465973
8337465984
8337466016
8337466017
8337466034
8337466052
8337466057
8337466073
8337466115
8337466140
8337466148
8337466157
8337466162
8337466164
8337466176
8337466226
8337466228
8337466252
8337466272
8337466293
8337466409
8337466469
8337474176
8337474759
8337498156
8337507312
8337509313
8337514507
8337516218
8337525434
8337536338
8337537898
8337538496
8337550047
8337550917
8337553416
8337571746
8337579455
8337583149
8337592046
8337593213
8337593980
8337598852
8337604893
8337606603
8337608422
8337614011
8337627990
8337635059
8337639493
8337640296
8337656390
8337658195
8337750491
8337752095
8337752108
8337752167
8337752544
8337753120
8337753150
8337753182
8337753203
8337753225
8337753239
8337753260
8337753393
8337753576
8337753609
8337753640
8337753682
8337753699
8337753724
8337753758
8337753816
8337753830
8337753852
8337753872
8337753905
8337753916
8337753920
8337753936
8337753945
8337753949
8337753954
8337754141
8337754453
8337755294
8337755380
8337755475
8337755593
8337756006
8337756050
8337756080
8337756158
8337756180
8337756188
8337756270
8337756721
8337756738
8337756790
8337756818
8337756822
8337756856
8337756869
8337756871
8337756894
8337768612
8337772181
8337773623
8337779482
8337779492
8337802957
8337806515
8337811180
8337823202
8337829163
8337831601
8337836159
8337838011
8337870515
8337880663
8337880665
8337880667
8337880674
8337880677
8337880678
8337880680
8337880683
8337900749
8337910876
8337911646
8337914833
8337914916
8337917755
8337925705
8337931138
8337932634
8337933603
8337938244
8337965725
8337987575
8338009078
8338010041
8338026047
8338029991
8338035937
8338036652
8338046469
8338052581
8338088024
8338097432
8338131165
8338136071
8338141463
8338147109
8338147969
8338148835
8338165660
8338188692
8338188694
8338188696
8338202529
8338212088
8338229760
8338237402
8338255618
8338258419
8338289923
8338317398
8338317504
8338319626
8338323727
8338361258
8338382484
8338383825
8338390803
8338398849
8338404413
8338405162
8338405544
8338409795
8338431224
8338439435
8338450113
8338455118
8338455426
8338455781
8338455992
8338455997
8338456066
8338456080
8338456118
8338456123
8338456241
8338456376
8338456404
8338456463
8338456950
8338457191
8338488455
8338499272
8338503088
8338506586
8338507264
8338524930
8338529556
8338529770
8338532930
8338538587
8338553140
8338559979
8338571589
8338584810
8338603246
8338630873
8338650017
8338671262
8338671687
8338674159
8338680840
8338703677
8338704454
8338712090
8338766424
8338784309
8338791256
8338812508
8338812903
8338820572
8338830565
8338832260
8338854393
8338874976
8338891294
8338891364
8338910939
8338930544
8338933530
8338939210
8338953705
8338955514
8338961427
8338987830
8338987906
8339041776
8339048965
8339055593
8339071734
8339075927
8339089749
8339128381
8339129083
8339130715
8339135118
8339139561
8339140290
8339164364
8339171597
8339186111
8339235319
8339240165
8339245122
8339269066
8339285595
8339306734
8339352503
8339352504
8339353870
8339363712
8339365097
8339390323
8339415732
8339419013
8339419318
8339454015
8339454400
8339454855
8339464318
8339472763
8339475571
8339485855
8339501692
8339524609
8339531920
8339545654
8339551869
8339561762
8339572178
8339575982
8339597609
8339599064
8339612532
8339630409
8339631728
8339641334
8339644564
8339644654
8339648332
8339648961
8339649002
8339651581
8339670714
8339670723
8339700164
8339704140
8339706652
8339754094
8339766120
8339770300
8339809758
8339820961
8339825274
8339870391
8339881889
8339893786
8339895965
8339923717
8339938560
8349843810
8352496593
8352511169
8352523268
8352524343
8378839788
8382279182
8382285075
8382294144
8382294812
8382361728
8382407997
8382421713
8382461163
8382483180
8382489208
8382891395
8382905258
8383121341
8383322333
8383770075
8383837236
8383838982
8383973187
8384352205
8384442667
8384682365
8386976708
8387381694
8387469078
8389349044
8389453279
8389777058
8392019394
8392027687
8392188792
8392189269
8392201737
8392254415
8392480588
8392737701
8395291969
8398888443
8399004095
8402011318
8402014173
8402218723
8402218887
8402219251
8402422385
8402637620
8406008348
8408008183
8408374042
8432022763
8432128376
8432539574
8432539665
8432564178
8432703638
8432864349
8432875866
8433530274
8433649962
8433711993
8433864623
8433960617
8434002017
8434003116
8434008544
8434058011
8434073584
8434421686
8434488453
8434575006
8434741681
8434832304
8434834754
8434843367
8434843499
8435027420
8435027597
8435313118
8435436192
8435473482
8435473652
8435501800
8435605218
8435679698
8435853210
8435940420
8436037990
8436235637
8436256644
8436311374
8436325079
8436666500
8436807638
8436988264
8437174236
8438007401
8438080829
8438295253
8438297101
8438297989
8438878731
8438904476
8438978172
8438998600
8439283419
8439289609
8439339098
8439454186
8439470776
8439663744
8439669923
8439774453
8439842908
8439894790
8439896825
8442000226
8442000266
8442000299
8442005144
8442014639
8442014875
8442015025
8442033121
8442069035
8442072998
8442120029
8442120182
8442220309
8442318836
8442349014
8442349424
8442397573
8442397574
8442449279
8442449303
8442449408
8442449496
8442449562
8442526830
8442792535
8442928615
8442929245
8443001154
8443052174
8443131724
8443133675
8443168434
8443201511
8443230378
8443230430
8443230643
8443231384
8443231472
8443231482
8443232158
8443232168
8443232236
8443232866
8443232950
8443233063
8443233117
8443233340
8443234107
8443235311
8443235541
8443250109
8443358230
8443401457
8443452798
8443460455
8443530473
8443540640
8443540704
8443623130
8443770931
8443821222
8443872137
8443911077
8443950874
8443950924
8443951336
8444008777
8444090530
8444093860
8444123065
8444141720
8444172139
8444172151
8444173231
8444181702
8444183233
8444236775
8444254430
8444299638
8444347107
8444391133
8444413121
8444422553
8444459829
8444461617
8444490631
8444492995
8444503335
8444503386
8444503552
8444503979
8444530153
8444530764
8444582015
8444584064
8444603222
8444665519
8444702945
8444728545
8444739192
8444762110
8444804919
8444811651
8444875953
8444878478
8444935456
8444941720
8444991076
8444991420
8445021228
8445022838
8445023018
8445023058
8445023059
8445023074
8445023147
8445023181
8445023183
8445023185
8445023194
8445023210
8445023213
8445023218
8445023221
8445023226
8445023235
8445023243
8445023249
8445023252
8445023253
8445023257
8445023261
8445023262
8445023263
8445023282
8445023283
8445125995
8445150593
8445150677
8445151054
8445151084
8445151104
8445151197
8445151223
8445151229
8445151237
8445151239
8445151257
8445151295
8445151297
8445151343
8445151395
8445151398
8445151402
8445151403
8445151405
8445151498
8445151513
8445151545
8445151619
8445151627
8445151643
8445151725
8445151752
8445151754
8445151847
8445153728
8445240077
8445240190
8445250746
8445271783
8445272054
8445333046
8445410861
8445420842
8445440218
8445440623
8445485207
8445486706
8445490573
8445493117
8445493131
8445542158
8445586584
8445694924
8445751225
8445752088
8445790645
8445794853
8445813525
8445902167
8445951806
8445962760
8445964017
8445964974
8445965799
8445966884
8445983319
8446023036
8446041679
8446043409
8446043584
8446043799
8446043880
8446043918
8446053208
8446108637
8446137337
8446182313
8446195878
8446203005
8446220227
8446243914
8446243970
8446243971
8446244838
8446244867
8446245969
8446246629
8446247595
8446249733
8446251975
8446256727
8446270671
8446299380
8446308358
8446310798
8446311365
8446311685
8446311894
8446311921
8446312159
8446312472
8446312762
8446312908
8446313692
8446313827
8446314586
8446314676
8446314727
8446315201
8446315746
8446403660
8446422441
8446437536
8446452205
8446482229
8446483098
8446483490
8446490927
8446492080
8446492093
8446492474
8446492503
8446492537
8446492611
8446552988
8446554070
8446581732
8446581833
8446582817
8446611469
8446652988
8446699806
8446707600
8446743753
8446771951
8446810905
8446900597
8446901110
8446903020
8446903060
8446903244
8446903282
8446903303
8446903397
8446903418
8446903432
8446903436
8446903448
8446903532
8446903583
8446903585
8446903619
8446903633
8446903637
8446903718
8446903847
8446903870
8446903887
8446903945
8446904098
8446904221
8446904272
8446904310
8446904394
8446904428
8446904430
8446904447
8446904489
8446904528
8446904530
8446904579
8446904593
8446904648
8446904656
8446904658
8446904660
8446904690
8446904698
8446904706
8446904737
8446904771
8446904775
8446904787
8446904836
8446904887
8446904939
8446904943
8446905003
8446905058
8446905126
8446905140
8446905174
8446905207
8446905247
8446905251
8446905293
8446905303
8446905310
8446905344
8446905404
8446905415
8446905416
8446905450
8446905502
8446905538
8446905561
8446905565
8446905567
8446905588
8446905611
8446905642
8446905653
8446905680
8446905710
8446905719
8446905744
8446905874
8446905969
8446905993
8446906034
8446906065
8446906069
8446906157
8446906167
8446906168
8446906181
8446906207
8446906220
8446906221
8446906222
8446906227
8446906228
8446906254
8446906271
8446906274
8446906278
8446906291
8446906298
8446906375
8446906433
8446906443
8446906469
8446906480
8446906482
8446906519
8446906521
8446906537
8446906542
8446906602
8446906628
8446906635
8446906643
8446906647
8446906654
8446906671
8446906673
8446906677
8446906701
8446906707
8446906721
8446906735
8446906750
8446906810
8446906851
8446906891
8446910028
8446913539
8446913632
8446951705
8446962067
8446962217
8446963331
8446963822
8446963830
8446964763
8446964823
8446965064
8446965761
8446966810
8446967989
8446969155
8446993623
8447011705
8447064197
8447065313
8447065901
8447068197
8447068348
8447069258
8447091839
8447093682
8447101758
8447102959
8447163642
8447212253
8447215227
8447215418
8447222197
8447240872
8447241096
8447241710
8447241822
8447241843
8447241861
8447241865
8447263968
8447264605
8447315108
8447385357
8447385844
8447385872
8447385903
8447385935
8447386225
8447386949
8447387099
8447387435
8447387913
8447387930
8447387986
8447388470
8447388628
8447388881
8447389067
8447389366
8447389565
8447391508
8447401935
8447442352
8447450017
8447502879
8447503790
8447512989
8447571545
8447571895
8447572240
8447572972
8447573024
8447573055
8447573062
8447573075
8447573132
8447573491
8447573790
8447573817
8447573925
8447574018
8447574099
8447574121
8447574174
8447574176
8447574182
8447574187
8447574199
8447574202
8447574216
8447574250
8447574308
8447574359
8447574382
8447574388
8447574592
8447574604
8447574649
8447574656
8447580627
8447581685
8447581702
8447581904
8447582019
8447582408
8447582506
8447582843
8447582860
8447606744
8447610318
8447633468
8447640370
8447641322
8447641404
8447642363
8447643070
8447670612
8447671007
8447671009
8447671140
8447701998
8447732028
8447732981
8447733114
8447734017
8447734131
8447734792
8447735418
8447735832
8447736702
8447740594
8447740846
8447744460
8447773340
8447781231
8447791352
8447791361
8447810191
8447810306
8447810371
8447810720
8447811551
8447811716
8447811725
8447812009
8447812012
8447812017
8447813098
8447813269
8447813270
8447813369
8447813591
8447813661
8447813664
8447813862
8447814207
8447814537
8447814560
8447814570
8447814626
8447814754
8447814802
8447814820
8447814825
8447822398
8447822571
8447830346
8447844762
8447912801
8447920183
8447920837
8447920846
8447920855
8447920988
8447921042
8447923687
8447926128
8447927407
8447929259
8447929265
8447953678
8447998083
8448044959
8448088287
8448150971
8448171473
8448198324
8448238902
8448266490
8448367228
8448391216
8448536686
8448581934
8448590182
8448590665
8448591723
8448652276
8448708870
8448771630
8448885450
8448887604
8449051009
8449087575
8449143649
8449150098
8449204289
8449270419
8449270897
8449271236
8449271791
8449271797
8449271809
8449272721
8449273091
8449273212
8449273557
8449273616
8449273682
8449275051
8449275116
8449275132
8449275156
8449275177
8449275181
8449275192
8449275202
8449275209
8449275210
8449275215
8449275220
8449275238
8449275284
8449275303
8449275304
8449275312
8449275320
8449275356
8449275371
8449275375
8449275416
8449275485
8449275503
8449275504
8449275541
8449275549
8449275562
8449275581
8449275583
8449275600
8449275607
8449275614
8449275666
8449275688
8449275699
8449275743
8449275761
8449275782
8449275784
8449275801
8449275812
8449275818
8449275820
8449275830
8449275833
8449275839
8449275848
8449275850
8449275898
8449275946
8449275947
8449275966
8449276047
8449276082
8449276085
8449276089
8449276098
8449276101
8449276165
8449276169
8449276185
8449276194
8449276222
8449276305
8449276306
8449276307
8449276308
8449276325
8449276329
8449276334
8449276352
8449276380
8449276386
8449276397
8449276409
8449276431
8449276457
8449276494
8449276541
8449276561
8449276589
8449276590
8449276602
8449276705
8449276725
8449276745
8449276748
8449276749
8449276770
8449276778
8449276795
8449276806
8449276815
8449276839
8449276848
8449276910
8449276921
8449276936
8449276960
8449276974
8449277006
8449277029
8449277051
8449277053
8449277061
8449277101
8449338565
8449342139
8449402225
8449403014
8449403849
8449404710
8449404713
8449404748
8449404752
8449404764
8449404791
8449404816
8449404828
8449405009
8449405049
8449405130
8449405148
8449405157
8449405171
8449405173
8449405219
8449405286
8449405294
8449405307
8449405318
8449405320
8449405321
8449405333
8449405341
8449405347
8449405357
8449405392
8449405414
8449405459
8449405482
8449405489
8449405494
8449415060
8449415622
8449415851
8449416417
8449474207
8449520852
8449542955
8449593714
8449680550
8449790188
8449790189
8449815676
8449960884
8449995196
8452030466
8452336271
8452369416
8452500110
8452694527
8452749976
8452772429
8452772962
8452951533
8453026087
8453156232
8453761099
8453796117
8453903157
8453942141
8453942805
8454007859
8454038959
8454224481
8454594946
8454738285
8454788760
8455019681
8455028124
8455044041
8455044042
8455044349
8455044653
8455077598
8455077674
8455077730
8455431755
8455479751
8456042134
8456093782
8456094035
8456139123
8456302310
8456302532
8456302534
8456302578
8456302624
8456303225
8456303419
8456303421
8456304407
8456304926
8456436220
8456436223
8456723623
8456836075
8457034040
8457140969
8457182041
8457377756
8457379911
8457605313
8457732352
8457924136
8458135891
8458193741
8458230481
8458340688
8458641958
8459140077
8459210361
8459900492
8459900861
8472018178
8472145171
8472175150
8472459022
8472521169
8472683777
8472815906
8472963958
8473069841
8473160121
8473204700
8473454123
8473498681
8473541910
8473670485
8473801558
8473837857
8474127303
8474439442
8474492720
8474495164
8474495169
8474497453
8474605064
8474720635
8474831021
8475048317
8475191458
8475345324
8475450953
8475510570
8475587118
8475651654
8475655872
8475728438
8475821080
8475951619
8475971411
8476094357
8476168786
8476289515
8476289896
8476605211
8476731000
8476918119
8477135610
8477300465
8477391356
8477447269
8477480027
8477543901
8477837094
8477927939
8477929941
8478137991
8478377637
8478401581
8478570721
8478658722
8478831874
8479060993
8479061251
8479146375
8479695620
8479931493
8482041380
8482080388
8482166434
8482258723
8482258753
8482371545
8482372689
8482495048
8482515630
8482661050
8482807185
8482884510
8482888578
8482888579
8482888676
8483065573
8483395114
8483418522
8483598154
8483598360
8483802474
8483904953
8484806958
8486006422
8486688207
8488006269
8488375944
8488931012
8489006026
8489943237
8489944092
8494700251
8502012378
8502017671
8502027073
8502076733
8502084263
8502179750
8502279952
8502634279
8502705019
8502708011
8502775083
8502798797
8502851882
8502905122
8502966239
8503189007
8503207394
8503298841
8503299861
8503423400
8503546806
8503640966
8503837458
8503870091
8503871496
8503877066
8503998474
8504074336
8504077816
8504077908
8504090075
8504091878
8504093263
8504093346
8504095622
8504095807
8504098621
8504099094
8504099460
8504139969
8504186340
8504251993
8504259292
8504272450
8504276314
8504351588
8504413040
8504460595
8504462098
8504535100
8504663453
8504687374
8504701365
8504834648
8504854657
8504880595
8505057416
8505132756
8505204836
8505326997
8505338035
8505346432
8505346495
8505433120
8505474168
8505586060
8505620439
8505685056
8505685348
8505685522
8505685713
8505691843
8505699899
8505794544
8506057358
8506128352
8506151798
8506151799
8506151803
8506172000
8506529081
8506554425
8506554575
8506609730
8506628222
8506639202
8506767892
8506801983
8506866012
8506889032
8506956857
8506967346
8506992136
8507061989
8507171216
8507174788
8507249238
8507274845
8507364730
8507411742
8507522039
8507578423
8507619053
8507769930
8507932397
8508018300
8508041753
8508053666
8508059040
8508189515
8508219865
8508373664
8508457283
8508472170
8508695718
8508752565
8509078135
8509179271
8509198288
8509238343
8509382740
8509515606
8509630427
8509666871
8509722958
8509750627
8509752562
8509772330
8509846494
8509904248
8509921060
8509938719
8509957600
8542254354
8543368127
8547666733
8552011658
8552017259
8552029080
8552037255
8552056476
8552072889
8552082162
8552089862
8552145603
8552167113
8552240813
8552336202
8552343766
8552413565
8552430848
8552434877
8552448622
8552520564
8552521403
8552521614
8552555532
8552564503
8552600548
8552620541
8552673532
8552680425
8552702030
8552747854
8552771310
8552802041
8552821899
8552826353
8552839093
8552870706
8553120063
8553162954
8553164622
8553230779
8553264191
8553276032
8553293269
8553308653
8553337857
8553352837
8553354401
8553354485
8553357396
8553359280
8553361244
8553368588
8553374307
8553375206
8553375775
8553375936
8553376033
8553377081
8553378517
8553378549
8553378584
8553379571
8553415066
8553415605
8553418640
8553420005
8553424566
8553424764
8553427964
8553433368
8553435308
8553436087
8553437129
8553437687
8553438953
8553439074
8553439534
8553439708
8553464551
8553491361
8553491865
8553494140
8553495809
8553495930
8553498612
8553498634
8553504783
8553512274
8553520242
8553571999
8553572026
8553572051
8553572056
8553572058
8553572069
8553572074
8553572083
8553572088
8553572097
8553572106
8553572124
8553572126
8553572127
8553572146
8553572169
8553572184
8553572204
8553572212
8553572243
8553572267
8553572287
8553572299
8553572334
8553612119
8553612629
8553612991
8553631098
8553631206
8553650844
8553670552
8553670648
8553670793
8553670892
8553670941
8553671482
8553671810
8553672591
8553673949
8553675972
8553677615
8553704946
8553709391
8553712532
8553712788
8553718469
8553718912
8553719683
8553745733
8553761571
8553786703
8553809189
8553809268
8553818597
8553849997
8553871650
8553874378
8553890391
8554011921
8554040511
8554040705
8554069183
8554071329
8554090542
8554090812
8554093081
8554097073
8554109439
8554197365
8554221023
8554246396
8554285875
8554300735
8554323582
8554343983
8554353666
8554420883
8554435627
8554460789
8554460796
8554460858
8554461030
8554461085
8554461152
8554461452
8554461508
8554461703
8554470356
8554503472
8554521012
8554680976
8554680987
8554683904
8554684913
8554686981
8554687180
8554688205
8554689507
8554689771
8554695798
8554697428
8554730816
8554730911
8554731029
8554854670
8554861095
8554880128
8554911088
8554940254
8554942110
8554942153
8554951650
8554992501
8555042465
8555054363
8555070298
8555102588
8555103403
8555121029
8555158260
8555182370
8555184211
8555184552
8555184770
8555193665
8555200005
8555201937
8555215045
8555236337
8555242658
8555255999
8555313952
8555326760
8555337799
8555355424
8555374240
8555374253
8555380050
8555409611
8555476849
8555501954
8555502644
8555503049
8555620148
8555640679
8555641997
8555642029
8555642069
8555644471
8555644656
8555644657
8555644675
8555644684
8555644689
8555644699
8555644754
8555644761
8555644768
8555644778
8555644780
8555644782
8555644793
8555644854
8555644864
8555644872
8555644894
8555644971
8555644991
8555645136
8555645187
8555645287
8555645341
8555645407
8555645495
8555645513
8555645518
8555645541
8555645564
8555645687
8555645697
8555645808
8555645810
8555645895
8555645922
8555645923
8555645927
8555646013
8555646020
8555646068
8555646196
8555646215
8555646340
8555646523
8555646585
8555646599
8555646601
8555646708
8555646750
8555646804
8555646807
8555646865
8555646941
8555646944
8555646988
8555647017
8555647034
8555647109
8555647124
8555647146
8555647151
8555647154
8555647155
8555647182
8555647348
8555647387
8555647431
8555647442
8555647468
8555647472
8555647520
8555647544
8555647551
8555647591
8555647733
8555647779
8555647832
8555647836
8555647857
8555647869
8555647874
8555647885
8555647905
8555647920
8555647927
8555647983
8555647988
8555647990
8555648170
8555648179
8555648184
8555648209
8555648212
8555648266
8555648339
8555648432
8555648521
8555648525
8555648538
8555648547
8555648553
8555648562
8555648575
8555648578
8555648583
8555648584
8555648634
8555648651
8555648664
8555648675
8555648687
8555648692
8555648699
8555648730
8555648807
8555648836
8555648857
8555648862
8555648881
8555648894
8555648896
8555648911
8555648913
8555648927
8555648956
8555648990
8555649018
8555649142
8555649196
8555649379
8555649386
8555649429
8555677119
8555691350
8555691446
8555691663
8555691783
8555692083
8555692135
8555702724
8555702737
8555714522
8555714642
8555717650
8555752867
8555760568
8555760633
8555760703
8555800446
8555800698
8555800727
8555802219
8555802323
8555802345
8555802346
8555802354
8555802375
8555802381
8555802387
8555802407
8555802413
8555802424
8555802448
8555802491
8555802510
8555802523
8555802528
8555802529
8555802531
8555802544
8555802559
8555802560
8555802592
8555802593
8555802609
8555802615
8555802622
8555802631
8555802633
8555802644
8555802671
8555802678
8555802692
8555802724
8555802737
8555802742
8555802819
8555802847
8555803982
8555805742
8555811994
8555835757
8555835823
8555840189
8555874375
8555875322
8555875899
8556022092
8556036599
8556072197
8556088710
8556093429
8556095515
8556096555
8556123323
8556142023
8556153483
8556153588
8556154476
8556154628
8556260238
8556332080
8556332096
8556391097
8556391651
8556410191
8556410193
8556437080
8556437089
8556465201
8556510007
8556539231
8556583378
8556616770
8556633274
8556674134
8556681265
8556697843
8556701343
8556702443
8556702752
8556702761
8556703245
8556703467
8556703481
8556703636
8556703932
8556703963
8556710896
8556714578
8556714699
8556714739
8556714780
8556715122
8556715507
8556716166
8556716214
8556716401
8556716426
8556716436
8556716446
8556716488
8556716531
8556716661
8556716867
8556716980
8556717402
8556717458
8556717701
8556717874
8556718023
8556771571
8556774096
8556787766
8556791738
8556792883
8556939443
8557000542
8557000572
8557032228
8557037109
8557037112
8557044576
8557068200
8557077328
8557091028
8557121966
8557127711
8557135601
8557143175
8557144985
8557145127
8557152754
8557202559
8557206978
8557247277
8557290957
8557314140
8557330348
8557331778
8557402762
8557410033
8557427350
8557442859
8557443118
8557476738
8557502559
8557531581
8557534635
8557550303
8557555313
8557570292
8557600588
8557600686
8557624025
8557625665
8557694632
8557694703
8557781859
8557790123
8557800172
8557876725
8557876729
8557879841
8557881093
8557890222
8557911255
8557923176
8557954513
8557954852
8557972598
8557973608
8557975569
8557977230
8558010053
8558010850
8558011277
8558011288
8558011382
8558011412
8558011430
8558011470
8558011478
8558011540
8558011550
8558011572
8558011599
8558011619
8558011759
8558011779
8558011821
8558011870
8558011916
8558011944
8558026636
8558060238
8558060447
8558060454
8558060469
8558060479
8558060632
8558060729
8558060772
8558060832
8558060845
8558060951
8558061196
8558061208
8558061276
8558061277
8558061286
8558061290
8558061376
8558061378
8558061381
8558061490
8558061509
8558061585
8558061749
8558061809
8558061929
8558061959
8558062075
8558062130
8558062257
8558062324
8558062340
8558062409
8558062607
8558062613
8558062729
8558062776
8558062787
8558062802
8558062993
8558063014
8558063050
8558063584
8558064009
8558064178
8558064245
8558064411
8558064419
8558064469
8558064505
8558064630
8558064699
8558064702
8558065149
8558065162
8558065232
8558065378
8558070406
8558206183
8558220014
8558230691
8558230831
8558260620
8558276256
8558280530
8558290127
8558397613
8558572014
8558662707
8558754065
8558800287
8558811170
8558830013
8558830406
8558830423
8558830444
8558830452
8558830466
8558830484
8558830522
8558830567
8558830570
8558830574
8558830624
8558830649
8558830657
8558832001
8558910653
8558918118
8559042062
8559054925
8559070140
8559070302
8559070410
8559070459
8559070461
8559070497
8559070511
8559070539
8559070766
8559071318
8559071323
8559071350
8559071775
8559072002
8559072111
8559073077
8559073400
8559074495
8559075223
8559075467
8559075639
8559075656
8559075706
8559075715
8559075750
8559075798
8559075902
8559075904
8559075930
8559075945
8559075949
8559075962
8559075966
8559075971
8559075983
8559075986
8559076017
8559076048
8559076052
8559076075
8559076091
8559076114
8559076143
8559076150
8559076182
8559076194
8559076210
8559076238
8559076310
8559076404
8559076415
8559076457
8559076467
8559076482
8559076489
8559076506
8559076509
8559076516
8559076592
8559076593
8559076603
8559076622
8559076625
8559076714
8559076738
8559076793
8559076907
8559076911
8559076995
8559077054
8559077065
8559077229
8559077354
8559077373
8559077380
8559077441
8559077498
8559077507
8559077514
8559077676
8559077680
8559077684
8559077691
8559077718
8559077790
8559077816
8559077819
8559077863
8559077942
8559077979
8559077999
8559078048
8559078054
8559078114
8559078165
8559078174
8559078202
8559078214
8559078271
8559078343
8559078345
8559078372
8559078381
8559078424
8559078451
8559078465
8559078512
8559078549
8559078635
8559078643
8559078660
8559078681
8559078699
8559078708
8559078711
8559078724
8559078765
8559078766
8559078790
8559078833
8559078840
8559078861
8559078863
8559078869
8559078895
8559078921
8559078937
8559078942
8559078977
8559079001
8559079026
8559079060
8559079090
8559079107
8559079139
8559094436
8559135997
8559153438
8559192041
8559228633
8559232678
8559241748
8559242194
8559244941
8559276128
8559280382
8559281128
8559351709
8559433149
8559442101
8559453210
8559472402
8559473075
8559473076
8559481944
8559497773
8559503367
8559503452
8559555866
8559575020
8559586726
8559586765
8559586917
8559587026
8559611602
8559611945
8559626943
8559636522
8559641758
8559643037
8559645547
8559646408
8559646413
8559646434
8559646882
8559646932
8559647486
8559647664
8559647936
8559648453
8559648516
8559648729
8559648744
8559656726
8559690047
8559696395
8559735730
8559735861
8559736606
8559736818
8559738591
8559739866
8559739871
8559754201
8559782899
8559812033
8559845124
8559845876
8559856688
8559940073
8559940124
8559940224
8559940259
8559940589
8559940727
8559941043
8559941303
8559941311
8559941487
8559941712
8559941764
8559941767
8559941797
8559941810
8559941874
8559941921
8559941951
8559941955
8559941956
8559942036
8559942072
8559942088
8559942094
8559942101
8559942120
8559942133
8559942138
8559942145
8559942150
8559942159
8559942276
8559942325
8559942401
8559942619
8559974772
8559975348
8559975835
8559975949
8559976133
8559976139
8559977715
8559978373
8559978517
8559978907
8559979521
8559979978
8562085638
8562216426
8562299774
8562354441
8562484041
8562488971
8562744450
8562744563
8562778101
8562809557
8562840733
8562955444
8562955888
8562956957
8563002690
8563068153
8563160874
8563426188
8563471477
8563471911
8563546920
8563570939
8563728016
8563766405
8563876075
8563944326
8564001229
8564001873
8564002432
8564002969
8564002980
8564004201
8564004342
8564004950
8564005062
8564005874
8564021759
8564023331
8564027501
8564028541
8564070410
8564070414
8564070518
8564071175
8564071257
8564071606
8564071667
8564072217
8564072322
8564072402
8564072643
8564073709
8564074120
8564074355
8564078070
8564078079
8564078127
8564078304
8564078533
8564078568
8564078671
8564078701
8564094060
8564228634
8564278702
8564508286
8564588777
8564633272
8564694351
8564694847
8564745624
8564774319
8564859770
8564998384
8565169673
8565169796
8565218170
8565218171
8565218246
8565218421
8565218566
8565218837
8565308787
8565383717
8565441164
8565441334
8565441913
8565442672
8565448883
8565561244
8565561313
8565868646
8565940406
8565940803
8565993662
8565997307
8565997681
8565997867
8565999121
8565999509
8565999520
8565999638
8565999913
8566070876
8566150428
8566220760
8566249527
8566249595
8566324612
8566324826
8566577234
8566648504
8566713184
8566878279
8566878335
8566888164
8566997114
8567777624
8567777646
8567777815
8567998323
8568176573
8568238077
8568238159
8568238385
8568238868
8568238874
8568438106
8568438186
8569033056
8569428178
8569428691
8569429807
8569429809
8569439809
8569941387
8569941765
8569941979
8572278370
8572278439
8572278878
8572287021
8572443444
8572535424
8572566173
8572799190
8572799755
8572807270
8572807873
8572808824
8572809970
8572885531
8572890935
8573306899
8573365821
8573580061
8573667157
8574021342
8574021569
8574023945
8574023948
8574025137
8574251148
8574272582
8574771796
8574773547
8574775297
8574775345
8574775563
8574778077
8574910403
8574962114
8575404835
8575770360
8575771423
8575772389
8575773071
8575779349
8575779520
8575872044
8575872982
8575873129
8575873310
8575875403
8576059401
8577542950
8577583795
8577660983
8578106092
8578107828
8579713244
8579977898
8579993155
8582074010
8582219704
8582241544
8582274267
8582506282
8582507335
8582508024
8582508104
8582514854
8582519400
8582519526
8582552240
8582672161
8582696004
8582762796
8582766683
8583087093
8583190194
8583214048
8583413536
8583484345
8583511266
8583513114
8583672995
8583680641
8583680977
8583778738
8584375875
8586669980
8586679192
8587221022
8587751956
8588011311
8588485466
8588636638
8588689437
8588689860
8588689885
8588999046
8589661020
8589971698
8592099413
8592101241
8592203007
8592203550
8592227544
8592227577
8592227895
8592377113
8592377668
8592741572
8592794982
8592974005
8592986859
8592987902
8593403726
8593474916
8593475033
8593486065
8593486211
8593578022
8593688001
8593996551
8594010086
8594074247
8594270140
8594485619
8594485736
8594500448
8594685684
8594738288
8595146657
8595178354
8595778728
8596365278
8596399599
8596433234
8596663081
8596924191
8597420160
8597487592
8597854593
8599385318
8599385573
8599433465
8599463099
8599518343
8599788068
8599975889
8602373375
8602661244
8602832262
8603257016
8603372864
8603451962
8603901140
8603972132
8603978621
8603979867
8604068657
8604194841
8604197877
8604224971
8604495540
8604708694
8604928786
8605054321
8605060610
8605321609
8605824492
8606571041
8606636778
8607330802
8607358089
8607434502
8607434562
8607581358
8607583048
8607583183
8607779924
8607830210
8607848479
8607848486
8607848487
8607848491
8607848492
8607848495
8607848502
8607862459
8607911893
8607919945
8607924722
8608123840
8608136841
8608137005
8608138955
8608158422
8608158531
8608214412
8608216015
8608350690
8608558207
8608793605
8608914924
8609012378
8609206970
8609261379
8609437605
8609673763
8609688203
8609815444
8622037656
8622087480
8622124392
8622125329
8622251853
8622549265
8622549410
8622549995
8622567965
8622579368
8622579369
8622750439
8622801029
8622891572
8622923963
8622929064
8622995675
8622995884
8623000971
8623208887
8623367012
8623481427
8623487983
8624121949
8624128392
8624128419
8624185109
8624293813
8624493049
8624639503
8624639553
8627815867
8627867851
8628011311
8628600176
8629997932
8632027327
8632081016
8632130641
8632131631
8632208499
8632229387
8632234104
8632389519
8632408482
8632408941
8632607694
8632618833
8632644065
8632747967
8632766476
8633027152
8633097698
8633097740
8633101558
8633124445
8633124570
8633129609
8633132495
8633283119
8633310656
8633361768
8633362504
8633366844
8633367901
8633367971
8633368093
8633369058
8633369063
8633434292
8633444110
8633456690
8633474682
8633638982
8633951151
8633958281
8634009397
8634105362
8634105782
8634107259
8634190447
8634286303
8634402222
8634575066
8634577422
8634577868
8634668385
8634710524
8634868101
8635093198
8635093339
8635093433
8635093480
8635094389
8635327189
8635350076
8636072904
8636176719
8636388025
8636921798
8636937184
8636938854
8636939768
8636939783
8636956163
8636956867
8636990632
8637017212
8637031202
8637223091
8637223342
8637223762
8637338445
8637661523
8637774570
8637842985
8637897048
8637898034
8638211533
8638212607
8638214180
8638214428
8638215290
8638259468
8638259824
8638551937
8638670486
8639003505
8639003513
8639003584
8639003704
8639003752
8639004192
8639006236
8639007330
8639007698
8639007841
8639139099
8639139155
8639139267
8639139359
8639139549
8639405044
8639408238
8639408315
8639408552
8639408563
8639437196
8639439517
8639498233
8639498286
8639498579
8639692789
8642038767
8642065248
8642254553
8642516415
8642657367
8642657979
8642855655
8643362230
8643622780
8643928638
8643979967
8644008678
8644095840
8644211121
8644352632
8644487004
8644541941
8645488549
8645489852
8645849612
8645888682
8646408629
8646422338
8646655943
8646707925
8646747676
8646865786
8646894894
8646898781
8646917701
8646943510
8646979092
8647120579
8647218264
8647300679
8647321190
8647460428
8647546722
8647693434
8647737903
8647917405
8648258016
8648353014
8648399295
8648399795
8648425320
8648740339
8648771981
8649144348
8649324835
8649419163
8649608910
8649848640
8649870281
8649903326
8649980782
8649992524
8652040602
8652193659
8652236306
8652248559
8652248913
8652256441
8652298867
8652326932
8652454044
8652454049
8652454827
8652491079
8652523686
8652525098
8652525146
8652598685
8652607844
8652637825
8652640253
8652655398
8652744142
8652755082
8652759556
8652759594
8652904587
8652974300
8653155824
8653190188
8653190698
8653321745
8653425427
8653525276
8653534949
8653911862
8654089738
8654209725
8654215380
8654304937
8654333207
8654592516
8654594830
8654756899
8655353100
8655901982
8655903772
8656000034
8656006349
8656261447
8656262377
8658561105
8658748308
8659027008
8659094531
8659229745
8659272399
8659857264
8659857835
8659867600
8662008654
8662010856
8662018439
8662019716
8662048233
8662064690
8662065223
8662067566
8662067976
8662077367
8662103539
8662104338
8662104753
8662215006
8662308430
8662340509
8662398798
8662420034
8662422720
8662440939
8662441554
8662493475
8662540497
8662581104
8662674148
8662683836
8662685769
8662685930
8662689566
8662700145
8662710673
8662735392
8662753866
8662781795
8662783196
8662791632
8662794156
8662794239
8662794503
8662797989
8662811321
8662821281
8662821293
8662865192
8662883770
8662917849
8662926183
8662967955
8662992421
8663073712
8663140302
8663162432
8663173654
8663205530
8663207450
8663218194
8663218196
8663218197
8663233066
8663233163
8663233298
8663282513
8663340997
8663350433
8663366393
8663394197
8663424708
8663453629
8663486231
8663497755
8663506337
8663540359
8663580438
8663581397
8663591309
8663609678
8663659713
8663660143
8663710040
8663717499
8663756076
8663764584
8663781534
8663790223
8663801833
8663802749
8663825761
8663846744
8663850308
8663860601
8663861025
8663861153
8663861428
8663861737
8663861878
8663862816
8663862885
8663864880
8663864905
8663865142
8663865187
8663865418
8663865430
8663865432
8663865492
8663865533
8663865534
8663865562
8663865575
8663865592
8663865596
8663865620
8663865693
8663865729
8663865766
8663865770
8663865775
8663865789
8663865812
8663865892
8663865897
8663873992
8663880196
8663880653
8663880705
8663881014
8663881205
8663881862
8663882404
8663902348
8663915689
8663932109
8663938754
8663982515
8663982568
8663982892
8663983014
8663983030
8663983067
8663983135
8663983150
8663983178
8663983202
8663983229
8663983290
8663983312
8663983323
8663983397
8663983520
8663983545
8663983605
8663983636
8663983705
8663983714
8663983722
8663983790
8663983809
8663983855
8663983859
8663983887
8663983894
8663997077
8664009965
8664035512
8664084070
8664130185
8664168088
8664172944
8664173379
8664175334
8664192780
8664199370
8664202689
8664210823
8664262045
8664303695
8664410830
8664410999
8664411218
8664412720
8664412849
8664412890
8664433114
8664444831
8664470032
8664487004
8664517889
8664541645
8664542789
8664543660
8664545978
8664548855
8664560677
8664581290
8664581348
8664581366
8664585523
8664612521
8664615102
8664615237
8664615304
8664615376
8664615575
8664679700
8664700003
8664711215
8664744096
8664781881
8664782015
8664782571
8664783077
8664800069
8664800658
8664801086
8664802545
8664803339
8664804855
8664804917
8664805168
8664806109
8664806116
8664806161
8664816712
8664820957
8664837402
8664925917
8664951819
8664960299
8664960675
8664960818
8664960838
8664961625
8664963518
8664964139
8664964763
8664965157
8664965221
8664965848
8664965937
8664965957
8664966031
8664966068
8664966135
8664966151
8664966178
8664966221
8664966590
8664966671
8664966686
8664966718
8664966740
8664966775
8664966821
8664966839
8664966875
8664966921
8664966933
8664966937
8664967024
8664967039
8664967125
8664967153
8664967380
8664967383
8664967449
8664967605
8664967774
8664967804
8664967860
8664967891
8664967968
8664968048
8664968130
8664968133
8664968144
8664968155
8664968160
8664968350
8664968524
8664968551
8664968557
8664968581
8664968609
8664968618
8664968650
8664968947
8664969041
8664969078
8664969312
8664969374
8664969574
8664969579
8664969645
8664969683
8664969704
8664969712
8664969721
8664969737
8664969815
8664969822
8664969864
8664969902
8664990679
8664991148
8664991815
8664992058
8664992704
8664993182
8664993909
8664994110
8664994474
8664994570
8664995130
8664995641
8664996168
8664996214
8664996903
8664997010
8664997038
8664997144
8664997310
8664997319
8664997363
8664997398
8664997421
8664997441
8664997450
8664997520
8664997530
8664997541
8664997617
8664997714
8665041451
8665042079
8665070688
8665086763
8665096171
8665096751
8665098323
8665105081
8665131465
8665135042
8665143106
8665156577
8665162704
8665243539
8665249866
8665270007
8665284394
8665291873
8665306003
8665330825
8665331050
8665350575
8665359492
8665370401
8665421611
8665421684
8665423491
8665447921
8665477766
8665480446
8665482909
8665490819
8665490833
8665491230
8665501353
8665501390
8665501608
8665503433
8665503587
8665515924
8665516044
8665520063
8665540602
8665541233
8665541458
8665541882
8665542049
8665542463
8665542471
8665543117
8665543862
8665543950
8665544035
8665544398
8665544480
8665544649
8665544727
8665544781
8665544787
8665544845
8665545145
8665545164
8665545311
8665545324
8665545655
8665545671
8665545945
8665545985
8665546112
8665546271
8665546480
8665546552
8665546789
8665546810
8665546856
8665546991
8665547085
8665547118
8665547220
8665547487
8665547527
8665547808
8665547944
8665548210
8665548254
8665548546
8665548780
8665548799
8665548809
8665549223
8665549458
8665549603
8665549755
8665549774
8665549962
8665549976
8665549980
8665560271
8665560828
8665561083
8665561120
8665561180
8665561377
8665561389
8665561417
8665561560
8665561573
8665561749
8665561797
8665562109
8665562302
8665562305
8665562833
8665563512
8665563558
8665563702
8665563889
8665563902
8665564083
8665564087
8665564193
8665564241
8665564460
8665564717
8665565021
8665565045
8665565140
8665565250
8665565260
8665565348
8665565622
8665565774
8665565831
8665565863
8665566573
8665566635
8665566690
8665566726
8665566932
8665567070
8665567154
8665567499
8665567512
8665567582
8665580377
8665581943
8665607147
8665621216
8665630766
8665642262
8665747312
8665785409
8665811807
8665812330
8665823459
8665852269
8665858909
8665860130
8665882180
8665885981
8665909971
8665933926
8665969059
8666010276
8666025998
8666026447
8666042309
8666072889
8666095027
8666104682
8666127724
8666132085
8666136857
8666188686
8666260303
8666271002
8666292114
8666300105
8666313632
8666313711
8666313967
8666342055
8666360696
8666362377
8666371930
8666403845
8666414110
8666424266
8666444713
8666445864
8666460312
8666464448
8666481285
8666482758
8666486543
8666488556
8666530434
8666531131
8666531653
8666531750
8666532065
8666545605
8666561839
8666578605
8666588196
8666610594
8666660438
8666661028
8666661050
8666661134
8666661137
8666661207
8666661256
8666661294
8666661303
8666661309
8666661344
8666661351
8666661440
8666661441
8666665405
8666681827
8666682170
8666683857
8666684924
8666692065
8666692261
8666692351
8666693050
8666693405
8666693440
8666693873
8666694317
8666695143
8666695794
8666702239
8666702810
8666704335
8666704571
8666705118
8666705121
8666705151
8666705219
8666705567
8666706258
8666706351
8666706788
8666706996
8666707051
8666707056
8666707381
8666707645
8666707980
8666708070
8666708885
8666709078
8666709182
8666732175
8666739570
8666761303
8666772706
8666784496
8666807282
8666810616
8666810664
8666811425
8666811697
8666812993
8666850903
8666850904
8666850908
8666850959
8666867194
8666911662
8666915131
8666918019
8667010207
8667013931
8667014416
8667018241
8667024725
8667026087
8667072685
8667074768
8667077881
8667094845
8667097419
8667130824
8667130863
8667130968
8667153526
8667214989
8667236236
8667261737
8667265330
8667265990
8667321864
8667321880
8667322305
8667323354
8667326229
8667326919
8667327760
8667328304
8667334981
8667336616
8667336928
8667420886
8667560536
8667560694
8667571278
8667574758
8667581410
8667600567
8667650558
8667674294
8667684369
8667685862
8667686192
8667687289
8667687324
8667687927
8667694864
8667706794
8667706823
8667707602
8667709683
8667711859
8667711965
8667712732
8667714369
8667714405
8667714419
8667714438
8667714457
8667714459
8667714460
8667714464
8667714496
8667714573
8667714579
8667714592
8667714601
8667714607
8667714609
8667714676
8667714707
8667714708
8667714759
8667714777
8667714913
8667714974
8667714975
8667714976
8667714989
8667714991
8667715019
8667715032
8667715044
8667715051
8667715057
8667715090
8667715158
8667715160
8667715164
8667715198
8667715202
8667715267
8667715271
8667715272
8667715306
8667715357
8667715359
8667715387
8667715392
8667715395
8667715443
8667715445
8667715449
8667715460
8667715549
8667715582
8667715593
8667715635
8667715653
8667715705
8667715720
8667715747
8667715756
8667715801
8667715806
8667715820
8667715846
8667715936
8667715972
8667715990
8667716011
8667716036
8667716045
8667716087
8667716115
8667716119
8667716138
8667716163
8667716167
8667716169
8667716171
8667716172
8667716176
8667716182
8667716204
8667716223
8667716279
8667716281
8667716301
8667716321
8667716365
8667716373
8667716377
8667716389
8667716402
8667716405
8667716451
8667716454
8667716463
8667716468
8667716469
8667716477
8667716536
8667716574
8667716583
8667716584
8667716623
8667716640
8667716747
8667716750
8667716752
8667716754
8667716781
8667716790
8667716794
8667716801
8667716839
8667716920
8667716930
8667716935
8667716940
8667716941
8667717069
8667717081
8667720996
8667760506
8667781994
8667784871
8667810323
8667895166
8667896462
8667896655
8667899495
8667899981
8667911098
8667912220
8667936396
8667939243
8667939371
8667941988
8667944587
8667956266
8667956438
8667958313
8667959690
8667961588
8667982722
8667997328
8668002126
8668003288
8668014378
8668014646
8668015771
8668032915
8668078161
8668088084
8668090140
8668184322
8668224401
8668226799
8668228635
8668240970
8668242191
8668258577
8668262996
8668268295
8668294092
8668294779
8668337073
8668373929
8668384151
8668406972
8668418679
8668427780
8668454853
8668474138
8668474607
8668477804
8668482214
8668497520
8668510428
8668510825
8668533109
8668563928
8668575842
8668589369
8668591360
8668592207
8668592863
8668594309
8668595575
8668595639
8668642319
8668646144
8668647407
8668651470
8668682030
8668718781
8668720791
8668744525
8668762506
8668763447
8668764326
8668772898
8668781031
8668821925
8668822881
8668852126
8668859159
8668892215
8668942938
8668963918
8668982819
8668983562
8669024377
8669051506
8669052437
8669053995
8669054139
8669054144
8669054425
8669056339
8669079594
8669090753
8669091486
8669130328
8669142409
8669145806
8669153318
8669213731
8669231419
8669252586
8669257072
8669264168
8669265570
8669317012
8669347523
8669425490
8669426420
8669426481
8669426617
8669426619
8669426707
8669427035
8669427164
8669427180
8669427690
8669427814
8669427988
8669428414
8669428422
8669429162
8669429435
8669434304
8669450812
8669463429
8669476503
8669483017
8669496039
8669507780
8669516132
8669516804
8669519204
8669574710
8669590957
8669600185
8669604635
8669604682
8669631623
8669641391
8669659011
8669659305
8669660711
8669744292
8669785523
8669790153
8669850134
8669886924
8669900416
8669935439
8673414062
8675801151
8702223340
8702312914
8702324926
8702374323
8702380814
8702421804
8702599202
8702628702
8702930672
8702972202
8703403343
8703801402
8703843718
8703923537
8704422385
8704800549
8704805908
8704807694
8704820375
8705279570
8705998325
8706663068
8706693335
8706971466
8706979021
8708068770
8708417121
8708897577
8709296352
8709777032
8709856856
8722013369
8722014160
8722165924
8722288714
8722603385
8722663354
8722737884
8722787926
8722838308
8722838574
8722911592
8723020402
8723166706
8723192838
8723276735
8723295220
8723454158
8723560197
8723560769
8723567113
8723581723
8723587804
8723628402
8723636001
8723636023
8723636173
8723636323
8723636479
8723637375
8723637420
8723637522
8723677502
8723810407
8723810522
8723855045
8723855106
8723855187
8723855284
8723855418
8723855618
8723855620
8723938652
8726644385
8726669411
8727102648
8727586002
8727722998
8727999144
8727999218
8727999398
8727999508
8727999594
8727999645
8728109701
8728132382
8732089109
8733783935
8734335215
8737349132
8738678853
8763944143
8769876286
8772051650
8772065866
8772071068
8772080019
8772083203
8772103652
8772132615
8772204805
8772210769
8772234710
8772393491
8772397228
8772402632
8772404305
8772477967
8772505770
8772529467
8772555923
8772579931
8772607541
8772619035
8772619909
8772650854
8772659912
8772666972
8772726634
8772761605
8772790344
8772791530
8772803679
8772830319
8772837270
8772837278
8772839083
8772849805
8772851452
8772890677
8772902720
8772915124
8772941288
8772969212
8772974711
8773024273
8773036294
8773040750
8773042242
8773043775
8773139529
8773162291
8773162449
8773163005
8773163210
8773163610
8773163619
8773163930
8773163958
8773164036
8773164099
8773164166
8773164167
8773164191
8773164284
8773164587
8773164613
8773164622
8773164696
8773164836
8773164919
8773164929
8773165005
8773165333
8773165365
8773165421
8773165424
8773165581
8773165624
8773165663
8773165794
8773165892
8773165988
8773166054
8773166120
8773166218
8773166255
8773166419
8773166508
8773166530
8773166586
8773166615
8773166629
8773166649
8773166686
8773166773
8773166774
8773166799
8773166805
8773166812
8773166919
8773166941
8773166955
8773167098
8773167107
8773167253
8773167324
8773167397
8773167449
8773167563
8773167707
8773167712
8773167729
8773167748
8773167835
8773167871
8773173726
8773190284
8773190849
8773190878
8773190997
8773191418
8773191509
8773191573
8773192506
8773192517
8773192909
8773193048
8773193061
8773193150
8773193450
8773193542
8773193548
8773194253
8773194324
8773194639
8773194686
8773194759
8773194786
8773194798
8773194813
8773194822
8773194861
8773194863
8773194917
8773195018
8773195076
8773195181
8773195528
8773195558
8773195602
8773195662
8773195690
8773195736
8773195749
8773195789
8773195835
8773195836
8773195858
8773210856
8773239808
8773258084
8773264735
8773271754
8773299029
8773302331
8773313550
8773322965
8773325334
8773327250
8773327959
8773328290
8773329211
8773329632
8773424139
8773425220
8773450434
8773493294
8773501419
8773502509
8773503907
8773510373
8773513400
8773517372
8773517469
8773517511
8773541875
8773542362
8773557225
8773611144
8773708931
8773715166
8773715968
8773716375
8773716526
8773716720
8773720605
8773720664
8773720669
8773720711
8773720718
8773720764
8773720780
8773720814
8773720831
8773720872
8773720876
8773720903
8773720945
8773720989
8773721095
8773721154
8773721228
8773802389
8773824357
8773834802
8773841465
8773860242
8773881709
8773904317
8773904992
8773905023
8773905277
8773905393
8773905802
8773905848
8773906267
8773906278
8773906684
8773906788
8773907068
8773907302
8773912731
8773913461
8773914085
8773914333
8773915006
8773915009
8773915195
8773915593
8773915642
8773915728
8773915990
8773916146
8773916518
8773916538
8773916621
8773916969
8773917495
8773917672
8773922762
8773922827
8773923153
8773923961
8773924123
8773924270
8773924612
8773941419
8773960033
8774046550
8774050875
8774090533
8774102716
8774122918
8774171152
8774203587
8774267722
8774280286
8774290891
8774291442
8774433435
8774460048
8774466565
8774480775
8774482238
8774532307
8774532820
8774584386
8774590651
8774599851
8774643147
8774643849
8774671377
8774700783
8774700835
8774701045
8774701068
8774720826
8774740981
8774748446
8774793006
8774801876
8774804773
8774806110
8774809140
8774810543
8774811945
8774821651
8774821740
8774831213
8774857042
8774870363
8774880683
8774911987
8774912654
8774912738
8774913946
8774918706
8774918849
8774923976
8774925471
8774929390
8774933714
8774933795
8774934268
8774935054
8774936534
8774937069
8774937441
8774937871
8774951080
8774951082
8774951083
8774951095
8774984684
8775010604
8775023495
8775024398
8775067882
8775068717
8775069269
8775070849
8775084396
8775085088
8775100646
8775104217
8775133957
8775133978
8775134188
8775134218
8775134737
8775141448
8775141450
8775141710
8775141719
8775141861
8775182358
8775183654
8775191403
8775208182
8775213044
8775233730
8775235208
8775235575
8775236230
8775237261
8775237383
8775282803
8775283893
8775284498
8775285418
8775290642
8775290950
8775292186
8775293656
8775297930
8775341065
8775341108
8775341239
8775341352
8775341457
8775341466
8775382315
8775391179
8775394943
8775396652
8775415669
8775415718
8775416674
8775418035
8775432281
8775441987
8775445020
8775452067
8775490763
8775491694
8775492187
8775492190
8775492433
8775492586
8775492589
8775493082
8775569255
8775569295
8775600392
8775690962
8775692755
8775722972
8775753478
8775761474
8775771102
8775780608
8775781676
8775781682
8775781688
8775781697
8775781706
8775781752
8775781764
8775781782
8775781816
8775781823
8775781858
8775781859
8775781865
8775781877
8775781922
8775781942
8775781967
8775781997
8775782042
8775782074
8775782111
8775782137
8775782198
8775782202
8775782251
8775782315
8775782363
8775782380
8775782421
8775782432
8775782492
8775782507
8775782514
8775782569
8775782585
8775782617
8775782692
8775782696
8775782712
8775782717
8775782751
8775782834
8775782861
8775782917
8775782931
8775782948
8775782950
8775782957
8775782960
8775782961
8775783027
8775783177
8775783203
8775783253
8775783275
8775783302
8775783308
8775783314
8775783351
8775783396
8775783404
8775783408
8775783422
8775783434
8775783530
8775783594
8775783601
8775783610
8775783616
8775783669
8775783695
8775783784
8775783818
8775783839
8775783898
8775783941
8775783948
8775784003
8775784041
8775784143
8775784149
8775784151
8775784153
8775784177
8775784212
8775784237
8775784288
8775788186
8775811978
8775816899
8775870256
8775891078
8775912417
8775914654
8775914675
8775971420
8775971439
8775971440
8775990746
8775990962
8776020223
8776020891
8776020903
8776020939
8776021130
8776022037
8776023324
8776024241
8776025071
8776025149
8776025231
8776026355
8776080021
8776080762
8776080920
8776080959
8776081083
8776081582
8776081622
8776082799
8776083089
8776083780
8776084024
8776084253
8776084491
8776084590
8776084902
8776084924
8776084988
8776085058
8776085066
8776085556
8776086507
8776086863
8776087278
8776087479
8776087619
8776087630
8776087703
8776087832
8776088038
8776089656
8776089763
8776089803
8776094185
8776120341
8776121553
8776122280
8776122442
8776122487
8776122858
8776123130
8776123728
8776124129
8776124221
8776125124
8776125873
8776125908
8776125938
8776125959
8776126112
8776126156
8776126220
8776126721
8776127019
8776130151
8776130572
8776130997
8776131121
8776131446
8776131507
8776131556
8776132052
8776132248
8776132301
8776132498
8776132580
8776132581
8776133324
8776133343
8776133598
8776134029
8776134033
8776134119
8776135182
8776135293
8776135485
8776136143
8776136233
8776136519
8776137261
8776137414
8776138039
8776138041
8776138151
8776139046
8776139079
8776139146
8776139196
8776139259
8776139265
8776139313
8776139478
8776151365
8776204427
8776231247
8776281588
8776283881
8776322795
8776373816
8776374203
8776380342
8776391371
8776414551
8776537086
8776563077
8776589477
8776609667
8776612312
8776612492
8776666587
8776670204
8776685647
8776698602
8776800370
8776810083
8776810224
8776810540
8776811554
8776811585
8776811683
8776811693
8776811742
8776819970
8776872518
8776898870
8776901280
8776912180
8776951870
8776977145
8776983261
8777100952
8777102380
8777103630
8777103659
8777103681
8777103920
8777103930
8777103982
8777103984
8777104015
8777104035
8777121612
8777124226
8777126906
8777132858
8777203008
8777203193
8777203813
8777203956
8777270663
8777270665
8777270688
8777317328
8777320079
8777320127
8777320224
8777320321
8777320330
8777360294
8777390109
8777461099
8777461481
8777575037
8777627647
8777629836
8777639810
8777679357
8777690330
8777708065
8777708125
8777710189
8777761964
8777769668
8777801439
8777874019
8777878125
8777883026
8777971594
8777971705
8777972056
8778015429
8778040109
8778051706
8778054559
8778080389
8778091980
8778120671
8778150602
8778181755
8778197309
8778214250
8778215893
8778233645
8778240602
8778240991
8778241033
8778253242
8778262468
8778303067
8778311763
8778312873
8778328043
8778328474
8778365629
8778389344
8778397407
8778407787
8778410439
8778413093
8778520641
8778553895
8778630863
8778670775
8778676758
8778681751
8778681764
8778708367
8778711056
8778728084
8778762455
8778820156
8778820651
8778820689
8778820693
8778820706
8778820861
8778820939
8778820992
8778821169
8778821389
8778821596
8778821934
8778821975
8778822094
8778822095
8778822106
8778822147
8778822163
8778822299
8778822394
8778822521
8778822606
8778822835
8778823089
8778823091
8778823118
8778823147
8778823149
8778823198
8778823230
8778823316
8778823595
8778823706
8778823750
8778823795
8778823815
8778823893
8778823959
8778824078
8778824095
8778824162
8778824165
8778824535
8778830284
8778830319
8778830619
8778830796
8778832980
8778833068
8778833079
8778833095
8778833107
8778833161
8778833941
8778833965
8778834010
8778834016
8778834032
8778834199
8778834218
8778834251
8778834294
8778834394
8778834540
8778834577
8778834604
8778834660
8778834675
8778834690
8778834692
8778834702
8778834784
8778834849
8778834861
8778834993
8778835130
8778835162
8778835244
8778835368
8778835401
8778835529
8778835541
8778835680
8778835791
8778835820
8778835862
8778835983
8778836070
8778836410
8778836439
8778836595
8778836770
8778836809
8778836816
8778836851
8778837006
8778837023
8778837042
8778837248
8778837275
8778837321
8778837428
8778837572
8778837711
8778837932
8778838264
8778838552
8778838560
8778838565
8778838959
8778838996
8778839035
8778839132
8778839196
8778842292
8778850484
8778851660
8778853028
8778853051
8778853078
8778853132
8778853294
8778853349
8778853529
8778853745
8778853749
8778853791
8778853804
8778853817
8778853895
8778853901
8778853916
8778853951
8778854012
8778854047
8778854167
8778854168
8778854422
8778854486
8778854518
8778854561
8778854760
8778854812
8778854894
8778854903
8778854974
8778854983
8778854985
8778854987
8778854993
8778855072
8778855079
8778855159
8778855183
8778855317
8778855495
8778855603
8778855614
8778855667
8778855692
8778855780
8778855853
8778855943
8778856003
8778856068
8778856099
8778856116
8778856119
8778856123
8778856126
8778856173
8778856216
8778856250
8778856281
8778856287
8778856296
8778856407
8778856412
8778856424
8778856430
8778856478
8778856492
8778856560
8778856581
8778856741
8778857035
8778857082
8778857204
8778857206
8778857213
8778857247
8778857251
8778857257
8778857279
8778857305
8778857308
8778857339
8778857361
8778857484
8778857498
8778884623
8778910627
8778912158
8778912521
8778912529
8778912630
8778912864
8778913031
8778913049
8778913159
8778913181
8778913186
8778913192
8778914037
8778914146
8778914154
8778914170
8778914431
8778930165
8779065230
8779070271
8779084787
8779092666
8779093438
8779097678
8779120886
8779210803
8779260732
8779292637
8779320689
8779320778
8779321565
8779413145
8779432393
8779473639
8779494338
8779495585
8779495769
8779511480
8779570094
8779570338
8779570344
8779570588
8779570781
8779570991
8779572350
8779572897
8779572938
8779573078
8779573145
8779573332
8779610019
8779610060
8779610090
8779610161
8779610177
8779610325
8779610327
8779610330
8779610345
8779610348
8779610349
8779610375
8779610377
8779610384
8779610391
8779610435
8779610460
8779610474
8779610483
8779610497
8779610591
8779610592
8779610617
8779610631
8779610643
8779610647
8779610650
8779610842
8779610875
8779610879
8779610952
8779610961
8779610968
8779610979
8779610980
8779611023
8779611127
8779611128
8779627507
8779660427
8779661411
8779924863
8782140269
8782309919
8782669925
8783368189
8785299295
8787245762
8787280766
8858832001
8878823595
8882034028
8882037990
8882051693
8882060190
8882061955
8882062080
8882063389
8882101297
8882135809
8882143086
8882146283
8882147817
8882148330
8882152784
8882154248
8882154669
8882155862
8882192749
8882212347
8882214625
8882223109
8882223333
8882224227
8882227064
8882255322
8882261940
8882271283
8882279302
8882309908
8882337130
8882370837
8882377526
8882378289
8882397865
8882402619
8882403867
8882405786
8882406266
8882409092
8882411457
8882421520
8882442520
8882507027
8882518003
8882519830
8882520365
8882553385
8882609698
8882658732
8882662278
8882671422
8882681170
8882690263
8882690526
8882690527
8882690640
8882690854
8882691624
8882691684
8882691712
8882692111
8882692183
8882692321
8882692413
8882692770
8882692953
8882693007
8882693124
8882694013
8882694158
8882694188
8882694417
8882694550
8882694564
8882694720
8882694791
8882694957
8882700888
8882746517
8882772794
8882792426
8882804331
8882810293
8882818260
8882842520
8882850228
8882880803
8882880941
8882884580
8882885635
8882887516
8882889831
8882895044
8882913577
8882914398
8882916427
8882919839
8882924081
8882925185
8882926033
8882928417
8883038067
8883039158
8883063216
8883069077
8883100292
8883100294
8883100384
8883100548
8883100617
8883100760
8883101056
8883101204
8883101306
8883101315
8883101367
8883101757
8883101970
8883102094
8883102099
8883102134
8883102147
8883102158
8883102379
8883102960
8883103225
8883103230
8883103465
8883103581
8883103706
8883103802
8883103839
8883103880
8883103908
8883104084
8883104337
8883104382
8883104423
8883104565
8883104734
8883104908
8883104941
8883141875
8883175746
8883181920
8883191497
8883199013
8883240607
8883241364
8883243727
8883243769
8883244031
8883244413
8883246671
8883249517
8883293981
8883319521
8883329495
8883331574
8883357976
8883369363
8883390132
8883400047
8883400216
8883400629
8883400957
8883401074
8883401292
8883402567
8883402740
8883403681
8883404556
8883404939
8883404978
8883405205
8883405931
8883406150
8883406590
8883406958
8883407398
8883407741
8883407841
8883408041
8883408260
8883408372
8883408459
8883408552
8883409060
8883409475
8883409482
8883409574
8883409964
8883417909
8883421389
8883449155
8883471065
8883471418
8883476213
8883478231
8883479926
8883485306
8883493197
8883500061
8883500149
8883500208
8883500311
8883501585
8883501708
8883502036
8883503202
8883504270
8883504439
8883504468
8883504616
8883504727
8883504964
8883505451
8883506332
8883506467
8883506974
8883507209
8883508256
8883508345
8883508401
8883508404
8883508409
8883508561
8883509097
8883509110
8883515190
8883541254
8883541802
8883541834
8883543450
8883544138
8883544281
8883544385
8883551416
8883551436
8883551686
8883551885
8883552584
8883553166
8883554129
8883554711
8883554967
8883554977
8883555080
8883556197
8883556516
8883556585
8883556917
8883557063
8883557406
8883557441
8883557659
8883557850
8883557953
8883558493
8883558584
8883558742
8883559492
8883559552
8883561958
8883561968
8883562494
8883582083
8883593522
8883593612
8883629164
8883633258
8883635976
8883660150
8883660539
8883660664
8883660705
8883660943
8883661665
8883661754
8883661838
8883663601
8883664110
8883665129
8883665246
8883665470
8883666061
8883666490
8883668026
8883668210
8883669001
8883684081
8883709839
8883731969
8883773046
8883773083
8883774278
8883775140
8883775456
8883775680
8883777043
8883777084
8883777885
8883777942
8883778230
8883778469
8883778662
8883778774
8883779087
8883779169
8883779216
8883779219
8883779226
8883779349
8883779407
8883779478
8883779598
8883779626
8883779762
8883779771
8883779840
8883779909
8883779948
8883790242
8883790269
8883790278
8883790623
8883790701
8883799884
8883808119
8883818581
8883821222
8883847812
8883856183
8883870097
8883882057
8883886304
8883886910
8883887983
8883889369
8883891194
8883892025
8883892034
8883892802
8883892820
8883893085
8883893921
8883908595
8883921448
8883959196
8883973742
8883974079
8883983714
8884010153
8884020814
8884108557
8884159423
8884175929
8884185345
8884186948
8884191575
8884216164
8884216606
8884219167
8884219640
8884219796
8884225305
8884229126
8884233648
8884237181
8884244101
8884288157
8884299781
8884314549
8884315114
8884315430
8884318457
8884321396
8884321640
8884323156
8884326517
8884329419
8884354033
8884361652
8884386544
8884388540
8884394910
8884399665
8884409162
8884425942
8884426303
8884426769
8884427173
8884465046
8884510568
8884600289
8884609248
8884612078
8884620057
8884697989
8884743391
8884780206
8884796821
8884816195
8884818762
8884858036
8884860120
8884864722
8884882053
8884886909
8884893907
8884982504
8884991806
8884992033
8884992149
8885021196
8885027365
8885056996
8885100654
8885138729
8885146670
8885171603
8885186374
8885212461
8885241906
8885247518
8885261580
8885287211
8885288861
8885289155
8885324533
8885332015
8885350247
8885357236
8885357661
8885359197
8885380818
8885429271
8885439511
8885439633
8885439815
8885444877
8885490681
8885514099
8885514898
8885515264
8885517158
8885590570
8885618861
8885620806
8885634153
8885634607
8885637720
8885638214
8885638841
8885639414
8885639549
8885646899
8885678688
8885679812
8885680296
8885733033
8885736502
8885738718
8885739835
8885741301
8885753005
8885777677
8885778092
8885791221
8885797697
8885809986
8885825436
8885840083
8885840409
8885842293
8885842921
8885843290
8885845298
8885846526
8885847971
8885849077
8885850124
8885851012
8885852103
8885854139
8885855116
8885915121
8885920541
8885921889
8885922144
8885922417
8885925190
8885960144
8885991096
8886022101
8886031422
8886048458
8886083106
8886090793
8886108758
8886123819
8886166411
8886196821
8886226008
8886280638
8886334487
8886384956
8886401481
8886410121
8886420314
8886427208
8886471712
8886482824
8886491822
8886508044
8886516277
8886540905
8886552714
8886553194
8886554591
8886556331
8886557977
8886559402
8886559580
8886559869
8886564178
8886621243
8886702129
8886706103
8886742103
8886780645
8886812253
8886825641
8886830981
8886859892
8886871481
8886871996
8886873158
8886873716
8886873931
8886879439
8886900513
8886901531
8886913677
8886913756
8886913767
8886922004
8886924135
8886942997
8886958161
8886961771
8886981057
8887030329
8887052176
8887056151
8887062730
8887106818
8887109694
8887156822
8887179301
8887179420
8887195299
8887229482
8887230060
8887275356
8887278618
8887286076
8887292991
8887320061
8887328562
8887335126
8887370073
8887383646
8887402936
8887403468
8887404083
8887406181
8887406281
8887406366
8887406390
8887406534
8887407209
8887407348
8887407846
8887409831
8887409865
8887421907
8887427939
8887431574
8887473954
8887480735
8887483152
8887483523
8887483680
8887483819
8887484449
8887484830
8887484841
8887485081
8887485654
8887485691
8887485807
8887485964
8887486057
8887486189
8887486661
8887486790
8887486844
8887486917
8887487876
8887488064
8887488076
8887488725
8887488984
8887489021
8887489156
8887510361
8887510476
8887510480
8887512547
8887512644
8887512751
8887514010
8887515378
8887515409
8887515484
8887515486
8887515748
8887515848
8887516406
8887516424
8887516614
8887516713
8887517648
8887518678
8887518960
8887526207
8887530351
8887530403
8887531620
8887532459
8887533868
8887534530
8887535237
8887536614
8887536715
8887536744
8887537123
8887538007
8887538297
8887538393
8887538780
8887538820
8887538924
8887539162
8887539193
8887539201
8887539654
8887539860
8887560132
8887570861
8887570985
8887571697
8887571699
8887571969
8887574913
8887583993
8887623470
8887705186
8887710209
8887710283
8887710484
8887710490
8887711042
8887711136
8887711327
8887711344
8887711866
8887713134
8887714128
8887715120
8887715273
8887716019
8887716453
8887717201
8887717968
8887718289
8887752523
8887760963
8887761530
8887761576
8887761687
8887761728
8887761731
8887761757
8887761879
8887762094
8887762124
8887763930
8887763941
8887764078
8887765909
8887766020
8887766476
8887766485
8887766728
8887766845
8887767016
8887767190
8887767531
8887767850
8887768057
8887768109
8887768143
8887768501
8887768566
8887768650
8887769021
8887769034
8887769040
8887852471
8887900466
8887901379
8887948859
8887975329
8887998505
8888011683
8888014264
8888041492
8888043561
8888047767
8888088973
8888158401
8888192135
8888194754
8888214867
8888225151
8888270599
8888285439
8888290362
8888305806
8888317197
8888340346
8888343981
8888349706
8888364595
8888380544
8888389331
8888402862
8888403427
8888403499
8888407125
8888408049
8888408233
8888408393
8888408580
8888408975
8888409031
8888409113
8888409118
8888409317
8888409367
8888409481
8888426328
8888430872
8888431510
8888434492
8888435779
8888441223
8888444031
8888445130
8888462978
8888464053
8888464168
8888465890
8888506125
8888570290
8888570476
8888570521
8888571167
8888571280
8888600052
8888620281
8888620533
8888620922
8888623025
8888623442
8888624801
8888624970
8888625334
8888625434
8888625496
8888626051
8888629065
8888629119
8888629340
8888629820
8888675511
8888675519
8888700791
8888710190
8888750992
8888788610
8888796215
8888816835
8888834603
8888850097
8888870686
8888934711
8888982156
8889001790
8889041865
8889043145
8889044008
8889044573
8889044889
8889050054
8889050262
8889050279
8889050296
8889050317
8889050698
8889050789
8889050855
8889050901
8889050933
8889050942
8889051066
8889051492
8889051562
8889051576
8889051588
8889051675
8889051759
8889051801
8889065745
8889074753
8889090210
8889120080
8889120193
8889120256
8889120506
8889120532
8889120617
8889120621
8889120671
8889120675
8889120705
8889120824
8889121340
8889121476
8889121570
8889121704
8889121881
8889121905
8889121952
8889122116
8889122251
8889122372
8889122407
8889122408
8889122478
8889122679
8889122744
8889122797
8889122813
8889123038
8889123196
8889123209
8889123651
8889123689
8889123692
8889123740
8889123745
8889124046
8889125487
8889126799
8889136052
8889170787
8889171094
8889173247
8889174348
8889175320
8889177223
8889180462
8889180930
8889183609
8889183681
8889184480
8889185752
8889186340
8889186475
8889188312
8889189019
8889189349
8889189392
8889189533
8889189640
8889195235
8889203946
8889364968
8889410077
8889422760
8889423130
8889423320
8889424379
8889424666
8889425304
8889426029
8889426387
8889426660
8889426809
8889426859
8889426861
8889426971
8889427256
8889427289
8889427487
8889427565
8889427952
8889428124
8889428231
8889428432
8889428521
8889428961
8889429743
8889429842
8889429970
8889593056
8889593498
8889605377
8889627405
8889663715
8889665055
8889667960
8889671712
8889696096
8889701664
8889738881
8889741260
8889753156
8889779044
8889780204
8889792539
8889805825
8889808728
8889826834
8889833246
8889842409
8889858644
8889924573
8889944727
8889951578
8889969172
8889976197
8889984268
8889991763
8889992404
8889999128
8947698112
9012063238
9012093476
9012131121
9012132578
9012145011
9012212263
9012220890
9012436732
9012501582
9012565280
9012606132
9012612042
9012825495
9012842524
9012869327
9012973813
9013007425
9013086876
9013506382
9013554994
9013714691
9013718100
9014011660
9014012096
9014026967
9014037048
9014149204
9014434411
9014662979
9014721576
9014734270
9014746389
9014925018
9015043659
9015097426
9015247914
9015281515
9015452168
9015606314
9015726272
9015727054
9015827638
9015829683
9015878690
9015903029
9015930845
9016102355
9016123319
9016174010
9016532031
9016574589
9016608253
9016645849
9016650895
9016665009
9016682791
9016694366
9016697341
9016768209
9016881354
9016994540
9017017737
9017147730
9017228740
9017433072
9017701869
9018085060
9018088169
9018214506
9018505504
9018815202
9019226385
9022988585
9023653748
9025750568
9025923883
9025956085
9026174852
9026359333
9026610895
9028147099
9032010651
9032206280
9032242255
9032247978
9032269490
9032370553
9032502842
9032732952
9032881310
9032943503
9033035589
9033096757
9033145819
9033200880
9033295962
9033298142
9033504725
9033730082
9033759612
9033851268
9033851748
9033859083
9033859304
9033859411
9033859414
9034027939
9034085496
9034128210
9034128466
9034129940
9034141401
9034148153
9034148157
9034160707
9034160774
9034160971
9034188297
9034191005
9034191724
9034199045
9034199282
9034219304
9034219409
9034219782
9034219940
9034227828
9034228272
9034228276
9034228288
9034228979
9034291165
9034471463
9034471496
9034471693
9034474683
9034476008
9034476089
9034476108
9034476146
9034476533
9034476799
9034476879
9034476933
9034476985
9034561354
9034599119
9034599126
9034599404
9034599772
9034599849
9034641305
9034761225
9034761252
9034761842
9034787170
9034857816
9034903219
9034936179
9034936705
9034969829
9035021276
9035021311
9035021589
9035021830
9035022316
9035022392
9035022427
9035022708
9035022913
9035180212
9035180289
9035180704
9035180707
9035181448
9035181694
9035181871
9035236989
9035237436
9035237788
9035238051
9035238328
9035278080
9035278453
9035278515
9035371102
9035461406
9035461670
9035461809
9035461884
9035464407
9035464431
9035464679
9035464913
9035464926
9035464970
9035467038
9035603273
9035603803
9035603891
9035603954
9035603974
9035605017
9035605074
9035605215
9035605354
9035605469
9035605501
9035605586
9035605762
9035640520
9035642432
9035642513
9035642571
9035642579
9035642608
9035642624
9035642732
9035642886
9035682430
9035682568
9035682805
9035682816
9035682869
9035682894
9035685040
9035685365
9035685384
9035685497
9035685842
9035685890
9035690589
9035820193
9035820251
9035820721
9035871931
9036002746
9036222316
9036257708
9036424689
9036736170
9036736641
9037078170
9037471106
9037473179
9037474206
9037474361
9037479038
9037479993
9037608525
9037811437
9038058815
9038277118
9038349806
9038520592
9038527157
9038612964
9038696726
9038873843
9039469128
9039608307
9039611452
9039934855
9042031793
9042044623
9042049184
9042226373
9042319510
9042674307
9042747960
9042894255
9042989092
9042989812
9043310908
9043319606
9043398037
9043443974
9043619275
9043664396
9043717016
9043954686
9044000543
9044068885
9044198840
9044261665
9044312189
9044722642
9044784512
9044784757
9044810992
9044904017
9045052744
9045150635
9045283233
9045607274
9045679415
9045704364
9045799196
9045853733
9045861859
9045909261
9045909262
9045909267
9045909268
9045949043
9046158713
9046222259
9046222617
9046225606
9046413678
9046417140
9046449562
9046480024
9046481039
9046483315
9046560979
9046583438
9046583873
9046586905
9046594210
9046789235
9046789625
9046801145
9046871658
9046921357
9046924043
9047017865
9047060509
9047063869
9047065842
9047091346
9047129150
9047172804
9047367613
9047369060
9047369327
9047369863
9047369882
9047469717
9047478557
9047526630
9047682706
9047925358
9047992802
9047998258
9047998539
9047998662
9047998703
9048202986
9048224146
9048248568
9048253423
9048258562
9048310457
9048337935
9048510474
9048675143
9048690224
9048708544
9048713419
9048792587
9048801640
9048806303
9048823917
9049025968
9049032021
9049032055
9049032833
9049032900
9049032908
9049032936
9049032961
9049034058
9049034462
9049035631
9049035987
9049066243
9049080338
9049081360
9049081887
9049088277
9049134163
9049152873
9049158479
9049158689
9049224370
9049299479
9049319524
9049423163
9049991476
9052051419
9052343627
9052402381
9053380577
9053726882
9055460045
9057656198
9058658385
9059174575
9059604023
9062074589
9062086288
9062403485
9062403585
9062635112
9062766568
9063517212
9063799895
9064244036
9075310664
9075600858
9075602331
9077271710
9078917690
9082012343
9082017823
9082017853
9082017916
9082067233
9082154138
9082232613
9082232614
9082284096
9082355187
9082379166
9082398089
9082624156
9082625135
9082643740
9082706304
9082791243
9082805809
9082879954
9082912790
9082927124
9082979569
9083127577
9083154966
9083624072
9083624317
9083794065
9083794873
9083797200
9084085493
9084221767
9084245605
9084246762
9084354137
9084668495
9084815449
9084842338
9084880708
9084910129
9084916318
9084916760
9084917091
9084917879
9084918468
9085048573
9085058671
9085168716
9085298070
9085370880
9085769616
9085840826
9085840984
9086158660
9086284212
9086347145
9086456755
9086499758
9086531720
9086730048
9086775708
9087316708
9087370856
9087678645
9087725009
9087901940
9088181491
9088185058
9088240408
9088496597
9088496878
9088649722
9088765137
9088765160
9088808581
9088880309
9088880385
9088880438
9088880766
9088880942
9088973331
9089121303
9089211386
9089288947
9089676879
9089680187
9089687148
9092057355
9092148784
9092198147
9092199420
9092336635
9092584372
9092687835
9092884614
9093003505
9093065880
9093081306
9093107115
9093171938
9093186585
9093215269
9093283306
9093283544
9093283602
9093669907
9093723351
9093723511
9093774238
9094130783
9094431745
9094792226
9094872737
9094958844
9095051674
9095058372
9095211831
9095634169
9095638889
9095895837
9096002415
9096160195
9096590870
9096632313
9096710009
9096792319
9097121006
9097121649
9097391066
9097526501
9097687697
9097755301
9097831217
9097841542
9098035985
9098057550
9098474235
9098528395
9098588775
9099660965
9099708302
9102026504
9102129378
9102132064
9102135026
9102189702
9102223963
9102381084
9102402851
9102429956
9102833343
9102839417
9102877118
9102892001
9103104759
9103105970
9103108896
9103293721
9103358478
9103463247
9103488048
9103530403
9103539177
9103704898
9103879346
9103879721
9104120720
9104271896
9104414288
9104475573
9104478773
9104902183
9104903504
9104904254
9104907757
9105163115
9105163519
9105165443
9105337577
9105419555
9105492630
9105759692
9105934236
9105951378
9105982417
9106023822
9106064203
9106066151
9106295730
9106319123
9106368051
9106557155
9106557168
9106611025
9106858995
9106885823
9106890309
9106998601
9107025351
9107029338
9107068281
9107078012
9107206811
9107284071
9107284951
9107566801
9107657765
9107808691
9107812430
9107862361
9107862760
9108108735
9108109490
9108127692
9108276075
9108329606
9108380144
9108491913
9108576955
9108697157
9108697265
9108697621
9108698267
9108699355
9108699437
9108699455
9108699584
9108699627
9108768019
9108891935
9109003813
9109042697
9109092796
9109101135
9109202801
9109212571
9109322116
9109362800
9109389580
9109408185
9109575057
9109680865
9109682541
9109855536
9109919397
9122162158
9122162342
9122162788
9122174205
9122190370
9122337619
9122650007
9122828093
9122995839
9122997503
9123009122
9123168380
9123168468
9123168517
9123268136
9123332057
9123363256
9123421847
9123452054
9123627104
9123746017
9123746514
9124060003
9124105042
9124134848
9124161908
9124262077
9124265098
9124502453
9124554367
9124618473
9124658147
9125149209
9125149797
9125149844
9125284593
9125429562
9125429949
9125642013
9125669087
9125669135
9125669493
9125669782
9125669829
9125756745
9126230115
9126463001
9126463061
9126532746
9126661893
9127252211
9127253234
9127253355
9127254696
9127254721
9127258534
9127275749
9127365018
9127414106
9127471400
9127887367
9127889160
9127889939
9127952093
9127953517
9127954135
9127954159
9127954233
9127954661
9128252241
9128257996
9128374516
9128374945
9128437260
9128482621
9128666765
9128753350
9128753980
9128999448
9129142024
9129333458
9129335822
9129990023
9132042820
9132102463
9132173050
9132243320
9132243605
9132299409
9132581461
9132890804
9132940776
9132947136
9133005206
9133120590
9133183244
9133511593
9133514025
9133540866
9133573018
9133725098
9133744104
9133998644
9134041493
9134210344
9134211037
9134211044
9134213329
9134214721
9134251876
9134308362
9135269276
9135635575
9136740554
9137234308
9137250924
9137384734
9137454832
9137662110
9137968788
9137999871
9138030934
9138159415
9138426122
9138793201
9139009371
9139045826
9139346595
9139346760
9139379072
9139379137
9139379241
9139562906
9139986910
9142012663
9142264220
9142663585
9142667204
9142896602
9143002528
9143078738
9143078988
9143192655
9143495572
9143596457
9143624463
9143624746
9143703587
9143838031
9143929557
9144157932
9144193522
9144278424
9144278910
9144303931
9144447049
9144473998
9144545784
9144657641
9144657671
9144657701
9144777350
9144777754
9144999030
9145080312
9145295986
9145375250
9145471723
9145692141
9146088360
9146222660
9146384682
9146384944
9146906678
9147046456
9147057166
9147057181
9147057930
9147093989
9147444466
9147446310
9147525201
9147659957
9147659958
9148275099
9148289913
9148553645
9148656312
9149085724
9149086232
9149989040
9149989158
9149989260
9149989273
9149989463
9149989534
9149989560
9149989574
9152007282
9152092237
9152216770
9152232314
9152233691
9152234883
9152237524
9152435327
9152533851
9152770747
9152770981
9152770990
9152771023
9152848933
9152900639
9152955627
9153442561
9153506432
9154403830
9154658830
9154857913
9155007059
9155293431
9155293547
9155688809
9155889008
9156157455
9156157463
9156420694
9156425721
9157596847
9159444406
9159558269
9159751221
9159899786
9162221255
9162322056
9162345176
9162371610
9162434709
9162444465
9162450148
9162503508
9162523726
9162587039
9162588880
9162693122
9162720473
9162825281
9162825287
9162827291
9162833139
9162974634
9162990240
9163041495
9163140647
9163143354
9163415240
9163588729
9163627891
9163782099
9163843988
9163956731
9164048948
9164128112
9164360475
9164715642
9165134735
9165386078
9165421178
9165581700
9165581784
9165627947
9165774003
9165960811
9165962686
9165970262
9165972005
9166196713
9166209597
9166568488
9167022008
9167022534
9167025099
9167133642
9167401913
9167406232
9167506494
9167759607
9167781676
9168001098
9168603162
9168603163
9168603164
9168603168
9168840952
9168920668
9169098020
9169124150
9169150963
9169415763
9169540162
9169644287
9169779167
9172107460
9172107464
9172515829
9173525457
9173942020
9173973170
9174099014
9174099987
9174448325
9174633372
9174730834
9174738497
9174772824
9174802886
9175000476
9175163076
9175164468
9175255165
9175395883
9175863262
9175872910
9175902651
9175902799
9176338766
9177080146
9177221269
9177250372
9177250931
9177592482
9177654558
9177682567
9177799510
9177938598
9177944691
9178145937
9178934127
9178934928
9179092721
9179364993
9179935362
9182016244
9182022957
9182162763
9182165219
9182215156
9182819709
9182903628
9183014493
9183085703
9183422789
9183475437
9183515332
9183591839
9183687333
9184124806
9184129942
9184166067
9184169976
9184190451
9184238845
9184671286
9185054958
9185288279
9185339120
9185642366
9186030265
9186047797
9186123906
9186144671
9187773753
9187774775
9187964024
9187964126
9187964417
9187966114
9187966387
9187966428
9187967387
9187967483
9188000156
9188037363
9188433039
9188569133
9188585965
9188626040
9188632909
9188720108
9188765897
9188950857
9189062883
9189245497
9189600097
9192309256
9192418286
9192424875
9192672260
9192673871
9192708619
9192836885
9192890505
9192902902
9192946688
9192972632
9193354184
9193441315
9193463294
9193483785
9193553697
9193673017
9193723248
9193780582
9193828900
9194007832
9194007978
9194267279
9194357410
9194632594
9195136454
9195141421
9195234173
9195897251
9196269085
9196347931
9196409923
9196531850
9196666569
9196949327
9197263176
9197293159
9197574103
9197772926
9197944872
9198030839
9198250262
9198492758
9198622901
9198625237
9198644990
9198834254
9198876838
9198878192
9198884175
9198918426
9198931577
9199043503
9199107665
9199122471
9199137688
9199137962
9199350299
9199987871
9202129708
9202446301
9202457297
9202594854
9202694941
9202769652
9202823383
9202898120
9202930953
9202936294
9202974531
9203335901
9203503146
9203560616
9203757328
9203769901
9203849810
9203849811
9203863726
9203874301
9203879164
9203925472
9203934143
9203953681
9204253652
9204297640
9204668303
9204990759
9205040912
9205254506
9205257760
9205480029
9205577661
9205616141
9205874197
9205877690
9205878997
9205946943
9206319824
9206589491
9206684974
9206736316
9206787608
9206904202
9207222848
9207417544
9207826956
9208021010
9208373006
9208608790
9208658081
9208726176
9209338048
9209480242
9209533167
9209726685
9209744214
9209747214
9209747696
9209755160
9209785885
9209950783
9209952091
9209995570
9252915524
9253642939
9253648895
9254144401
9254380156
9254666679
9255007952
9255009126
9255021443
9255519938
9255779681
9256598730
9256606242
9256606572
9256934915
9257235740
9257236094
9257755995
9257993364
9258800358
9259956002
9259992801
9268227497
9282208246
9282384470
9282511031
9282608140
9282608490
9282636852
9282672184
9282718796
9282938420
9282938461
9282938904
9282939184
9283076014
9283076780
9283262777
9283268281
9283268925
9283315224
9283315407
9283315495
9283315525
9283315964
9283445555
9283502046
9283640614
9283643292
9283643348
9283711193
9283712101
9283714342
9283715116
9283715990
9283735490
9283750651
9283750827
9283828979
9283909094
9283909577
9283909849
9283948227
9284139035
9284139282
9284139364
9284139654
9284139876
9284172357
9284182984
9284266493
9284703728
9285150397
9285291681
9285490108
9285580823
9285884312
9285973557
9286285468
9286350944
9286662261
9286664830
9286669747
9286678054
9286682737
9286714884
9286917646
9287351513
9287351842
9287353307
9287356054
9287358069
9287651279
9287653209
9287653709
9287654815
9287989119
9287989795
9288516775
9288780820
9288780827
9288828578
9288983513
9288989218
9289333354
9289466110
9289466308
9289466561
9289466846
9289466964
9289635474
9289635641
9289689660
9289772766
9289772769
9289889935
9292055201
9292200857
9292351850
9292442339
9292730703
9292766075
9292766269
9292766413
9292766583
9293087030
9293669854
9294165875
9294473224
9294568359
9294633451
9294633452
9295383940
9295562723
9295634177
9295833044
9295913155
9296603343
9296940669
9296984938
9297171090
9297333138
9297341772
9297494966
9297499830
9297538830
9297885649
9298076147
9298256580
9298298252
9298651980
9298725547
9299232127
9299464711
9299893370
9299893392
9299924143
9302001345
9302265991
9302288124
9302393453
9302759258
9302768708
9302769688
9302777319
9304666130
9304666907
9305004803
9305009148
9305293662
9306006997
9307777633
9309991208
9312023108
9312105580
9312182931
9312196112
9312211942
9312510596
9312721933
9312722259
9312835432
9312977224
9313004789
9313004913
9313242040
9313242041
9313242518
9313274897
9313299419
9313423473
9313428719
9313452440
9313744211
9313796586
9313822564
9314040488
9314095553
9314172920
9314262427
9314445284
9314656168
9314666183
9314739631
9314875869
9314999506
9315349045
9315421983
9315513762
9315514956
9316002951
9316555288
9316555924
9316707059
9316820432
9316831134
9316880559
9317350567
9317871011
9317886800
9318103911
9318282238
9318883595
9319013948
9319030933
9319143884
9319194638
9319647104
9319827691
9319960791
9319998209
9325330352
9342000274
9342028587
9342155548
9342155634
9342158943
9342204916
9342320689
9342367229
9342534915
9343005499
9346470828
9347893430
9349430368
9349437791
9349460573
9362321068
9362321510
9362321993
9362345207
9362364311
9362590019
9362781597
9362785635
9362801822
9362834955
9362835343
9362926806
9362981958
9363018392
9363082192
9363193332
9363272932
9363276330
9363600026
9363600030
9363862702
9364629476
9365264736
9365369524
9365495737
9365820667
9366361659
9366363727
9366499542
9366575116
9366575889
9366755760
9366886594
9369109745
9369352914
9369463519
9369463778
9372456470
9372767617
9372847696
9372848704
9373030891
9373107509
9373108684
9373152619
9373299218
9373455797
9373692770
9373730114
9373730529
9373734858
9373759446
9373759448
9373850214
9374104657
9374424387
9374425140
9374539234
9374555675
9374977107
9374984137
9375078914
9375189738
9375189929
9375191055
9375192389
9375516570
9375885299
9376122972
9376129383
9376138852
9376226375
9376228906
9376258612
9376258767
9376292358
9376293889
9376325072
9376325371
9376342995
9376391064
9376604669
9377064506
9377064867
9377093881
9377162358
9377612180
9377773636
9377795354
9378337310
9378390817
9378391128
9378394618
9378394925
9378394953
9378395307
9378396000
9378907633
9379136904
9379495374
9379874008
9382182865
9382189030
9382224013
9382344550
9382429240
9382781079
9382782564
9382783159
9383888793
9384004392
9385293628
9387863237
9388999759
9392162106
9392930402
9402077397
9402077789
9402136783
9402189361
9402339658
9402402380
9402893754
9403169804
9403268553
9403561337
9403866088
9404341999
9404357595
9404926042
9405308268
9405309270
9405325422
9406268851
9406270030
9406370425
9407627591
9407774056
9407774589
9407865442
9412008892
9412009816
9412034294
9412051816
9412052424
9412082282
9412142979
9412166544
9412228491
9412460297
9412503933
9412532110
9412532708
9412589513
9412591747
9412654036
9412654764
9412654907
9412713767
9412731315
9412758272
9412775163
9412777133
9412777298
9412797862
9412798510
9412815746
9412891160
9412923839
9412923885
9412925361
9412940051
9412957057
9412974866
9413061303
9413374940
9413434658
9413449793
9413479315
9413571045
9413572778
9413585261
9413608559
9413631719
9413672778
9413882258
9413900351
9413949581
9413949589
9413973577
9413973632
9414017174
9414180785
9414198137
9414199595
9414213166
9414667334
9414756599
9414915136
9415270001
9415360583
9415540851
9415750044
9415845118
9415850746
9415864790
9415887778
9416273280
9416557320
9416557989
9416679254
9416679513
9416679562
9416679602
9416811700
9416978653
9417168623
9417218815
9417248145
9417261627
9417434104
9417473011
9417556041
9417573758
9417575247
9417578174
9417617230
9417778823
9417788444
9417799956
9417942009
9418421355
9418421832
9418425781
9418704594
9418884043
9419093548
9419096405
9419403209
9419405378
9419406049
9419406323
9419406406
9419406517
9419420418
9419423768
9419423931
9419424117
9419428415
9419440022
9419440452
9419441227
9419441695
9419442510
9419443085
9419443593
9419444164
9419446950
9419448340
9419448525
9419448671
9419449603
9419572893
9419648247
9419778597
9419778598
9419793102
9419793862
9419910702
9419910920
9419912682
9419917097
9419917365
9419917866
9419922427
9419922706
9419923273
9419928615
9419929044
9419996231
9432021279
9432023192
9432186019
9432186108
9432229358
9432235901
9432253136
9432300342
9432321450
9432746608
9432747602
9432747855
9432752696
9432758010
9432774626
9432867012
9432867059
9432867504
9432867528
9432867648
9432868195
9432868299
9432868347
9432868363
9432868456
9432868530
9432868682
9433007050
9434044122
9442176824
9452079005
9452120217
9452260049
9452264194
9452290454
9452290777
9452621437
9452992587
9453134504
9453484261
9453486911
9453670803
9453759845
9453856453
9453863205
9454955908
9457888138
9459412005
9459451455
9459546782
9459960975
9472071906
9472199855
9472477574
9472478463
9473004703
9474004526
9475000308
9475006144
9475299204
9477290388
9477291903
9478880418
9482061760
9482428385
9482429646
9484681093
9488008197
9489006842
9492030756
9492057309
9492070474
9492070668
9492087456
9492099818
9492200192
9492372244
9492377769
9492391312
9492428867
9492580561
9492656230
9492748564
9492990240
9493304472
9493318074
9493723763
9493803272
9493914702
9493925185
9493972916
9494007346
9494078661
9494134194
9494185008
9494228806
9494459956
9494702816
9495045858
9495063695
9495169014
9495654429
9495932840
9495963761
9496081011
9496172009
9496357477
9497315088
9497438461
9497446408
9497766504
9497998369
9498016544
9498056051
9498100631
9498104185
9498170018
9498227749
9498391607
9498443618
9498444649
9498615110
9498831550
9499796113
9512091267
9512219665
9512460960
9512628592
9512697314
9513040641
9513265963
9513272640
9513562613
9513653722
9513662199
9513793594
9513907981
9513957748
9513958028
9514020169
9514219506
9514373706
9515021949
9515070951
9515094949
9515181855
9515188173
9515280234
9515373928
9515402272
9515545553
9515904146
9516124270
9516178045
9516354168
9516434685
9516441652
9516513051
9516513195
9517070149
9517091630
9517139924
9517279727
9517292202
9517640406
9518528135
9518935017
9519442936
9519811373
9519815934
9522096094
9522131261
9522136095
9522137265
9522197134
9522321796
9522408812
9522575151
9522575537
9522857468
9522858872
9523145579
9523736369
9524634287
9524634308
9524634311
9524634346
9524634364
9524912690
9524912691
9526885000
9527670092
9527779067
9528662511
9529520003
9529524179
9529524985
9542062577
9542088892
9542327103
9542396062
9542472733
9542505419
9542520618
9542560831
9542715963
9542716909
9542719961
9542786627
9542787801
9542789946
9542825373
9542848361
9542884806
9543020116
9543061257
9543274947
9543315802
9543383218
9543383256
9543383320
9543383341
9543385250
9543422251
9543508202
9543534549
9543557958
9543567361
9543721584
9543786981
9543972431
9543985447
9543987293
9544060164
9544207139
9544484538
9544533344
9544660295
9544666396
9544806580
9545054101
9545260680
9545276142
9545326381
9545358900
9545392719
9545398051
9545463654
9545467690
9545484585
9545548405
9545588621
9545683890
9545692615
9545788712
9545823954
9545860957
9546208882
9546337164
9546340815
9546410501
9546457306
9546469473
9546601451
9546620168
9546632635
9546713206
9546858772
9546862519
9546862646
9546864187
9547109547
9547194715
9547346203
9547376176
9547584091
9547649671
9547752390
9547877366
9547877396
9548008216
9548224431
9548240535
9548333641
9548333771
9548447570
9548520255
9548642726
9549143196
9549340014
9549370462
9549495802
9549515428
9549530769
9549534648
9549882174
9549888134
9549901876
9549985916
9562018144
9562095243
9563284091
9563389540
9563647289
9563681346
9563771222
9563819225
9564165596
9564464868
9564530551
9564621204
9564666128
9564842301
9565051889
9565394748
9566345434
9566598499
9566674139
9566904063
9566977458
9567052034
9568058085
9568099465
9568333874
9568480933
9568626029
9568970869
9568999803
9569230418
9592005369
9592333966
9592382313
9592382315
9592382324
9592382334
9592382335
9592382336
9592389678
9592591950
9592628948
9592702448
9592704191
9592704427
9592729126
9592729137
9592788001
9592994800
9593017239
9593456082
9593567316
9593567754
9593567977
9594104799
9595293585
9598810141
9598850151
9702129881
9702232026
9702331076
9702454829
9702791422
9702850106
9702971837
9702991939
9703032044
9703032046
9703032482
9703032486
9703078359
9703169821
9703367991
9703472874
9703553058
9703671734
9704277186
9704307670
9704467159
9704477571
9704477572
9704498436
9704505933
9704594687
9704737446
9704737449
9704781860
9704783713
9705011195
9705097518
9705380806
9705505766
9705778748
9705787957
9706109577
9706833098
9706875274
9707095446
9707099915
9707212940
9707218059
9707363684
9707366136
9707376658
9707534930
9707851867
9707902522
9708387215
9708406320
9708495845
9708529825
9708726070
9708726191
9708728073
9708786512
9709026324
9709074179
9709074299
9709075108
9709075137
9709075423
9709075618
9709075621
9709076048
9709076230
9709076301
9709076353
9709076540
9709076600
9709076690
9709240444
9709280818
9709620053
9709822518
9709822637
9709822649
9709823386
9709823412
9709823680
9709824053
9709824066
9709824478
9709824517
9709824547
9709824566
9709824655
9709944009
9709944840
9712474264
9712709879
9712911090
9712934193
9712992131
9713154048
9713178251
9713278368
9713422344
9713424767
9713708592
9713733760
9713798453
9713815005
9713854819
9713861179
9713955676
9714390340
9714499766
9714840235
9714840994
9715882065
9718251773
9718371826
9722037320
9722311999
9722520034
9722624090
9722836753
9722840615
9722901612
9722963240
9723080105
9723080569
9723082447
9723082494
9723083669
9723083966
9723085188
9723085415
9723085689
9723278452
9723287967
9723466437
9723823339
9723836396
9723954163
9724083330
9724089031
9724217120
9724372478
9724405340
9724479641
9724495527
9724763566
9724768041
9725022835
9725280420
9725287578
9725375123
9725674454
9725730530
9726216502
9726217580
9726454947
9726466463
9726518730
9726520915
9726646404
9726663310
9726943982
9726951205
9727526981
9727779730
9727937145
9727975432
9727981083
9728064472
9728126866
9728129035
9728136087
9728150460
9728214326
9728330650
9728334101
9728421156
9728665815
9728776208
9729085041
9729206285
9729422891
9729572929
9729575269
9729576402
9729842333
9729874125
9732104104
9732104541
9732107332
9732185196
9732215725
9732218544
9732412963
9732544144
9732919339
9732937233
9733025756
9733200543
9733207525
9733293892
9733332763
9733332904
9733493335
9733493425
9733493429
9733493818
9733493858
9733545658
9733638060
9733817193
9733842183
9734093250
9734252732
9735423105
9735423679
9735499085
9735534508
9735539239
9735540270
9735560189
9735611475
9735694060
9735765576
9735888341
9735998117
9736298974
9736471597
9736513273
9736881755
9736889992
9737061696
9737491243
9737656784
9737776087
9737985079
9737985112
9738499161
9738527140
9738544576
9738567076
9738568156
9738831106
9738881499
9738914255
9739287146
9739386903
9739685364
9739876789
9739882909
9782074961
9782097207
9782206613
9782242619
9782308533
9782361485
9782470893
9782522046
9782523756
9782883349
9782911230
9783059544
9783074618
9783123167
9783338157
9783501112
9783604337
9783931264
9784257672
9784378183
9784383148
9784383625
9784445700
9784883660
9784915719
9785162506
9785472104
9785472208
9785472234
9785916022
9785992519
9785994079
9785994674
9785999336
9786220589
9786311391
9787469034
9787699595
9787752963
9787781975
9787858083
9787974734
9787986575
9788064934
9789104989
9789155056
9789660320
9789665146
9789665975
9789666114
9792161607
9792610881
9792697765
9792717829
9792762654
9793046541
9793082657
9793261634
9793301628
9793359775
9793559006
9793592569
9794068355
9794162360
9794265746
9794266452
9794534537
9794735883
9794852881
9795313430
9796006605
9796121340
9796961923
9797251306
9797252512
9797586479
9797663624
9797796356
9798490133
9798770478
9799994107
9802174213
9802174224
9802177337
9802207451
9802230249
9802555125
9802610268
9802619582
9802657688
9802765289
9802940146
9802941374
9802960856
9802991936
9802996669
9803018087
9803159016
9803425337
9803466398
9803608862
9803744099
9803748938
9803905275
9803914407
9804009530
9804053378
9804082413
9804126164
9804313570
9804340749
9804354204
9804370918
9804372108
9804402832
9804535484
9804563017
9804589348
9804702816
9804857292
9804862443
9805040822
9805092766
9805109457
9805149189
9805149455
9805173020
9805173044
9805173433
9805173458
9805173650
9805174322
9805174367
9805174441
9805174697
9805174708
9805178680
9805182555
9805212062
9805213344
9805314017
9805314035
9805314258
9805314997
9805315002
9805315708
9805561000
9805600181
9805600188
9805600490
9805654509
9805982877
9807284992
9807599003
9807777649
9807808086
9808809089
9809203680
9809385643
9809466006
9809467460
9809835468
9809875467
9832003138
9832135158
9832264059
9832264228
9832264502
9832264675
9832265175
9832265236
9832265265
9832265496
9832266020
9832271876
9835870674
9838882452
9839551361
9839992151
9842047887
9842050696
9842057723
9842064771
9842135298
9842315030
9842315079
9842316220
9842316407
9842316432
9842514256
9842732848
9843191900
9843192303
9843200823
9843264068
9843266376
9843310346
9843313892
9843456167
9843709983
9843756243
9843787904
9843830007
9843849405
9844044111
9844044523
9844044542
9844045223
9844046380
9844046621
9844047019
9844047617
9844047651
9845048522
9845108638
9845945391
9845945591
9847778888
9847888182
9848002450
9848335176
9848849330
9848880601
9849775161
9852123202
9852351368
9852397213
9852398574
9852398805
9852398848
9852399583
9852433297
9852466830
9852504058
9852510394
9852690246
9852714967
9852733484
9852762524
9852771974
9852839360
9852991223
9852999320
9853143532
9853164872
9853171273
9853368047
9853600274
9853651010
9854448443
9854448604
9854490517
9855176400
9855204189
9855292309
9855333360
9856050878
9856165402
9856224744
9856312515
9856901081
9857272648
9857461432
9857715452
9857927972
9858266222
9858592108
9858634566
9858638839
9858698874
9859001761
9862012536
9862038667
9862069745
9862109563
9862477709
9863480192
9863567912
9866411403
9892044007
9892079147
9892143873
9892175148
9892606363
9892637751
9892652679
9892678789
9892734594
9893014173
9893081028
9893081164
9893081986
9893126234
9893209996
9893343095
9893343390
9893343398
9893343760
9893689252
9893689744
9893689959
9893736116
9893736130
9893736384
9893736731
9893736776
9893736805
9894336308
9894570701
9894870039
9894870179
9894870434
9894870608
9895291212
9895575892
9895698277
9895698658
9895698695
9895698840
9895786858
9895786962
9895840518
9895898819
9896072053
9896236589
9896239983
9896276106
9896566736
9896566811
9896658241
9896658347
9896814113
9897048487
9897048712
9897705073
9898366787
9898426925
9898880122
9898880284
9898880322
9898880696
9898880845
9898881003
9898921056
9899008083
9899359138
9899359165
9899359652
9899359752
9899446799
9899991408
9899991703
9899991744
9899991837
9899991897
9899991975
9937411603
9949329192
9959657631
9999999999
